flight_id,week_id
1,3
2,3
3,3
4,3
5,6
6,6
7,7
8,3
9,6
10,5
11,7
12,4
13,3
14,4
15,7
16,7
17,4
18,4
19,5
20,2
21,5
22,5
23,7
24,2
25,6
26,2
27,7
28,6
29,2
30,1
31,2
32,2
33,1
34,2
35,7
36,1
37,5
38,2
39,5
40,5
41,2
42,7
43,5
44,6
45,7
46,7
47,5
48,1
49,6
50,2
51,2
52,4
53,5
54,6
55,7
56,5
57,6
58,2
59,3
60,3
61,7
62,6
63,5
64,6
65,3
66,1
67,7
68,5
69,6
70,1
71,2
72,4
73,2
74,3
75,1
76,1
77,6
78,7
79,4
80,2
81,3
82,7
83,2
84,6
85,5
86,4
87,6
88,3
89,1
90,2
91,4
92,7
93,5
94,4
95,1
96,2
97,1
98,4
99,2
100,7
101,6
102,6
103,7
104,7
105,6
106,2
107,4
108,7
109,3
110,7
111,6
112,7
113,5
114,3
115,4
116,5
117,2
118,3
119,2
120,5
121,3
122,3
123,5
124,3
125,6
126,3
127,7
128,1
129,4
130,5
131,2
132,4
133,6
134,5
135,3
136,2
137,1
138,7
139,1
140,6
141,3
142,2
143,4
144,5
145,7
146,2
147,7
148,7
149,2
150,4
151,7
152,4
153,2
154,1
155,5
156,3
157,3
158,5
159,4
160,4
161,5
162,4
163,6
164,5
165,5
166,6
167,6
168,6
169,6
170,4
171,6
172,6
173,6
174,6
175,6
176,4
177,7
178,4
179,4
180,2
181,3
182,6
183,6
184,3
185,5
186,1
187,4
188,3
189,3
190,1
191,6
192,1
193,4
194,3
195,5
196,2
197,1
198,3
199,5
200,2
201,6
202,7
203,4
204,3
205,1
206,7
207,6
208,4
209,5
210,6
211,1
212,7
213,2
214,2
215,6
216,3
217,3
218,4
219,7
220,6
221,5
222,4
223,2
224,5
225,7
226,5
227,7
228,4
229,3
230,2
231,6
232,5
233,3
234,2
235,6
236,6
237,6
238,6
239,6
240,2
241,1
242,7
243,1
244,1
245,6
246,2
247,2
248,6
249,1
250,6
251,6
252,3
253,2
254,5
255,4
256,3
257,4
258,7
259,1
260,3
261,6
262,5
263,2
264,7
265,7
266,5
267,4
268,4
269,7
270,6
271,3
272,3
273,5
274,1
275,5
276,1
277,2
278,6
279,3
280,1
281,2
282,1
283,7
284,6
285,4
286,2
287,3
288,2
289,1
290,4
291,6
292,1
293,5
294,2
295,3
296,7
297,4
298,5
299,4
300,3
301,6
302,7
303,1
304,5
305,3
306,5
307,3
308,3
309,2
310,2
311,2
312,3
313,3
314,7
315,1
316,1
317,2
318,2
319,3
320,7
321,1
322,7
323,1
324,1
325,1
326,3
327,2
328,1
329,7
330,3
331,2
332,5
333,7
334,6
335,2
336,3
337,4
338,7
339,2
340,6
341,1
342,4
343,3
344,4
345,6
346,3
347,5
348,1
349,2
350,7
351,6
352,4
353,7
354,6
355,7
356,3
357,6
358,6
359,2
360,4
361,3
362,7
363,5
364,2
365,1
366,4
367,3
368,5
369,1
370,1
371,5
372,2
373,4
374,7
375,6
376,3
377,6
378,3
379,4
380,7
381,5
382,6
383,6
384,4
385,2
386,3
387,4
388,2
389,5
390,7
391,3
392,2
393,7
394,6
395,4
396,5
397,5
398,2
399,6
400,3
401,4
402,7
403,1
404,1
405,3
406,7
407,5
408,5
409,3
410,7
411,6
412,1
413,6
414,1
415,4
416,2
417,2
418,4
419,4
420,1
421,6
422,3
423,4
424,2
425,7
426,5
427,1
428,4
429,4
430,2
431,5
432,3
433,6
434,7
435,1
436,1
437,5
438,4
439,7
440,2
441,2
442,3
443,1
444,1
445,3
446,4
447,5
448,7
449,5
450,1
451,4
452,1
453,6
454,6
455,5
456,3
457,3
458,3
459,7
460,6
461,2
462,2
463,5
464,7
465,3
466,7
467,3
468,5
469,6
470,5
471,3
472,7
473,1
474,6
475,4
476,2
477,1
478,3
479,2
480,1
481,4
482,5
483,7
484,3
485,2
486,3
487,3
488,3
489,7
490,2
491,4
492,5
493,6
494,7
495,4
496,1
497,2
498,5
499,6
500,7
501,3
502,2
503,1
504,2
505,1
506,5
507,1
508,7
509,6
510,4
511,2
512,2
513,2
514,2
515,1
516,1
517,1
518,2
519,4
520,1
521,2
522,1
523,2
524,4
525,2
526,4
527,1
528,2
529,1
530,2
531,2
532,5
533,1
534,4
535,5
536,5
537,3
538,7
539,4
540,7
541,5
542,2
543,6
544,1
545,1
546,1
547,5
548,3
549,2
550,1
551,4
552,2
553,3
554,5
555,4
556,1
557,6
558,7
559,6
560,3
561,6
562,2
563,5
564,7
565,4
566,1
567,2
568,5
569,2
570,5
571,4
572,1
573,2
574,3
575,6
576,7
577,7
578,7
579,5
580,7
581,5
582,7
583,5
584,7
585,7
586,7
587,5
588,6
589,3
590,4
591,1
592,2
593,6
594,2
595,7
596,5
597,2
598,5
599,6
600,5
601,3
602,2
603,2
604,3
605,3
606,3
607,3
608,2
609,3
610,6
611,4
612,4
613,3
614,6
615,7
616,4
617,6
618,1
619,6
620,1
621,3
622,4
623,2
624,3
625,7
626,7
627,2
628,2
629,2
630,5
631,1
632,2
633,3
634,3
635,5
636,5
637,5
638,2
639,7
640,6
641,7
642,6
643,3
644,1
645,6
646,4
647,5
648,5
649,2
650,4
651,5
652,3
653,5
654,1
655,4
656,2
657,3
658,6
659,1
660,2
661,6
662,2
663,2
664,6
665,7
666,7
667,7
668,6
669,7
670,2
671,3
672,4
673,4
674,5
675,1
676,3
677,3
678,1
679,3
680,5
681,3
682,4
683,2
684,6
685,4
686,3
687,6
688,1
689,7
690,7
691,7
692,6
693,1
694,4
695,1
696,2
697,7
698,3
699,4
700,5
701,3
702,6
703,7
704,6
705,5
706,5
707,3
708,3
709,4
710,3
711,7
712,6
713,2
714,3
715,2
716,4
717,6
718,7
719,5
720,4
721,7
722,1
723,2
724,3
725,6
726,5
727,4
728,3
729,1
730,3
731,3
732,7
733,7
734,3
735,7
736,5
737,2
738,5
739,2
740,5
741,1
742,7
743,3
744,3
745,7
746,3
747,7
748,6
749,2
750,3
751,6
752,2
753,6
754,1
755,6
756,6
757,6
758,6
759,2
760,5
761,1
762,1
763,2
764,5
765,3
766,4
767,5
768,6
769,7
770,7
771,6
772,4
773,3
774,3
775,1
776,3
777,6
778,4
779,7
780,4
781,1
782,2
783,3
784,6
785,7
786,5
787,3
788,7
789,6
790,2
791,1
792,4
793,5
794,2
795,2
796,1
797,1
798,3
799,7
800,6
801,1
802,4
803,3
804,7
805,2
806,2
807,7
808,1
809,2
810,5
811,4
812,7
813,4
814,6
815,2
816,5
817,3
818,3
819,5
820,3
821,5
822,1
823,6
824,1
825,3
826,2
827,6
828,7
829,1
830,3
831,6
832,4
833,7
834,3
835,2
836,2
837,6
838,1
839,3
840,3
841,1
842,4
843,6
844,2
845,3
846,7
847,5
848,4
849,1
850,2
851,1
852,2
853,5
854,4
855,6
856,3
857,6
858,5
859,4
860,6
861,6
862,7
863,7
864,5
865,2
866,3
867,1
868,7
869,6
870,4
871,3
872,2
873,1
874,6
875,7
876,4
877,2
878,1
879,7
880,6
881,3
882,5
883,4
884,3
885,5
886,7
887,6
888,6
889,6
890,1
891,4
892,2
893,3
894,7
895,5
896,7
897,5
898,7
899,7
900,6
901,4
902,5
903,3
904,2
905,1
906,6
907,4
908,5
909,7
910,3
911,1
912,3
913,7
914,4
915,2
916,5
917,6
918,4
919,1
920,7
921,5
922,3
923,6
924,2
925,1
926,6
927,5
928,3
929,4
930,2
931,7
932,1
933,3
934,2
935,1
936,5
937,4
938,6
939,1
940,7
941,6
942,4
943,7
944,5
945,3
946,4
947,6
948,7
949,5
950,3
951,7
952,5
953,4
954,6
955,2
956,1
957,1
958,2
959,2
960,2
961,7
962,7
963,1
964,2
965,7
966,2
967,7
968,6
969,5
970,1
971,3
972,4
973,4
974,5
975,6
976,3
977,4
978,4
979,1
980,3
981,3
982,1
983,7
984,3
985,2
986,1
987,6
988,5
989,4
990,7
991,4
992,5
993,1
994,3
995,2
996,4
997,7
998,1
999,7
1000,2
1001,3
1002,6
1003,6
1004,1
1005,2
1006,3
1007,3
1008,2
1009,3
1010,1
1011,5
1012,4
1013,2
1014,6
1015,7
1016,5
1017,4
1018,6
1019,2
1020,3
1021,1
1022,1
1023,2
1024,3
1025,6
1026,1
1027,7
1028,6
1029,3
1030,6
1031,4
1032,5
1033,1
1034,2
1035,7
1036,7
1037,2
1038,5
1039,4
1040,6
1041,3
1042,7
1043,4
1044,3
1045,1
1046,7
1047,7
1048,6
1049,5
1050,4
1051,2
1052,3
1053,1
1054,1
1055,4
1056,2
1057,2
1058,7
1059,7
1060,3
1061,1
1062,3
1063,5
1064,6
1065,1
1066,2
1067,3
1068,4
1069,6
1070,7
1071,5
1072,6
1073,3
1074,4
1075,7
1076,1
1077,2
1078,5
1079,2
1080,7
1081,3
1082,4
1083,1
1084,6
1085,1
1086,2
1087,6
1088,3
1089,5
1090,1
1091,4
1092,7
1093,2
1094,4
1095,6
1096,6
1097,5
1098,7
1099,1
1100,2
1101,5
1102,6
1103,1
1104,4
1105,7
1106,3
1107,2
1108,7
1109,4
1110,5
1111,1
1112,2
1113,4
1114,6
1115,6
1116,5
1117,7
1118,1
1119,4
1120,2
1121,6
1122,7
1123,7
1124,1
1125,7
1126,6
1127,7
1128,2
1129,6
1130,7
1131,7
1132,6
1133,7
1134,5
1135,5
1136,2
1137,1
1138,5
1139,1
1140,2
1141,7
1142,2
1143,5
1144,6
1145,7
1146,2
1147,5
1148,7
1149,5
1150,2
1151,7
1152,7
1153,7
1154,6
1155,6
1156,6
1157,6
1158,6
1159,1
1160,1
1161,1
1162,6
1163,5
1164,3
1165,7
1166,5
1167,3
1168,1
1169,2
1170,5
1171,4
1172,6
1173,2
1174,2
1175,1
1176,1
1177,2
1178,6
1179,7
1180,2
1181,3
1182,6
1183,4
1184,5
1185,1
1186,4
1187,5
1188,1
1189,6
1190,7
1191,7
1192,1
1193,1
1194,4
1195,6
1196,3
1197,4
1198,1
1199,6
1200,7
1201,6
1202,6
1203,7
1204,5
1205,3
1206,1
1207,3
1208,4
1209,2
1210,1
1211,7
1212,1
1213,7
1214,5
1215,7
1216,6
1217,6
1218,4
1219,3
1220,1
1221,2
1222,4
1223,4
1224,7
1225,4
1226,1
1227,1
1228,4
1229,7
1230,1
1231,4
1232,2
1233,7
1234,2
1235,3
1236,5
1237,1
1238,6
1239,7
1240,4
1241,3
1242,2
1243,5
1244,4
1245,1
1246,4
1247,3
1248,7
1249,1
1250,6
1251,5
1252,3
1253,2
1254,2
1255,6
1256,7
1257,6
1258,7
1259,2
1260,1
1261,3
1262,4
1263,2
1264,6
1265,4
1266,5
1267,2
1268,2
1269,2
1270,4
1271,6
1272,5
1273,2
1274,4
1275,6
1276,5
1277,2
1278,5
1279,6
1280,4
1281,2
1282,1
1283,3
1284,5
1285,4
1286,2
1287,1
1288,6
1289,1
1290,2
1291,6
1292,4
1293,7
1294,5
1295,4
1296,3
1297,3
1298,5
1299,1
1300,4
1301,6
1302,6
1303,2
1304,7
1305,7
1306,3
1307,6
1308,4
1309,1
1310,5
1311,5
1312,7
1313,3
1314,1
1315,3
1316,5
1317,1
1318,7
1319,3
1320,6
1321,4
1322,2
1323,5
1324,6
1325,7
1326,5
1327,1
1328,2
1329,3
1330,7
1331,4
1332,5
1333,2
1334,6
1335,4
1336,7
1337,3
1338,2
1339,7
1340,3
1341,2
1342,2
1343,3
1344,1
1345,7
1346,4
1347,5
1348,7
1349,7
1350,6
1351,1
1352,7
1353,3
1354,1
1355,4
1356,1
1357,2
1358,5
1359,4
1360,3
1361,2
1362,3
1363,6
1364,4
1365,1
1366,7
1367,2
1368,7
1369,2
1370,6
1371,6
1372,7
1373,4
1374,5
1375,5
1376,7
1377,3
1378,3
1379,1
1380,7
1381,3
1382,5
1383,1
1384,4
1385,2
1386,6
1387,4
1388,5
1389,2
1390,6
1391,3
1392,7
1393,3
1394,5
1395,1
1396,2
1397,7
1398,6
1399,4
1400,3
1401,7
1402,1
1403,4
1404,5
1405,2
1406,3
1407,6
1408,4
1409,3
1410,7
1411,6
1412,1
1413,7
1414,5
1415,2
1416,4
1417,5
1418,1
1419,7
1420,3
1421,4
1422,6
1423,7
1424,5
1425,3
1426,4
1427,7
1428,5
1429,2
1430,1
1431,1
1432,2
1433,2
1434,3
1435,6
1436,1
1437,3
1438,2
1439,3
1440,1
1441,2
1442,5
1443,2
1444,7
1445,4
1446,6
1447,1
1448,3
1449,5
1450,2
1451,5
1452,7
1453,6
1454,1
1455,4
1456,2
1457,3
1458,3
1459,4
1460,5
1461,7
1462,2
1463,6
1464,1
1465,5
1466,4
1467,3
1468,2
1469,4
1470,7
1471,6
1472,3
1473,7
1474,5
1475,6
1476,5
1477,4
1478,6
1479,1
1480,7
1481,2
1482,3
1483,2
1484,1
1485,1
1486,4
1487,6
1488,7
1489,1
1490,3
1491,5
1492,4
1493,6
1494,5
1495,3
1496,2
1497,6
1498,7
1499,2
1500,5
1501,3
1502,6
1503,3
1504,4
1505,5
1506,2
1507,7
1508,1
1509,1
1510,5
1511,2
1512,4
1513,3
1514,6
1515,7
1516,7
1517,2
1518,4
1519,6
1520,5
1521,6
1522,7
1523,5
1524,6
1525,3
1526,4
1527,3
1528,5
1529,3
1530,1
1531,2
1532,4
1533,7
1534,2
1535,1
1536,1
1537,5
1538,4
1539,7
1540,1
1541,2
1542,2
1543,6
1544,4
1545,1
1546,5
1547,3
1548,1
1549,3
1550,4
1551,2
1552,5
1553,6
1554,7
1555,6
1556,7
1557,3
1558,4
1559,5
1560,1
1561,2
1562,1
1563,3
1564,6
1565,2
1566,1
1567,5
1568,7
1569,3
1570,6
1571,4
1572,2
1573,4
1574,5
1575,7
1576,6
1577,7
1578,7
1579,6
1580,3
1581,5
1582,7
1583,4
1584,6
1585,2
1586,6
1587,4
1588,3
1589,1
1590,4
1591,7
1592,7
1593,5
1594,3
1595,1
1596,5
1597,2
1598,6
1599,5
1600,7
1601,1
1602,7
1603,4
1604,3
1605,6
1606,2
1607,1
1608,5
1609,1
1610,3
1611,7
1612,4
1613,6
1614,2
1615,5
1616,4
1617,2
1618,5
1619,6
1620,3
1621,2
1622,4
1623,7
1624,1
1625,6
1626,7
1627,1
1628,3
1629,5
1630,6
1631,7
1632,4
1633,5
1634,6
1635,7
1636,3
1637,2
1638,1
1639,7
1640,1
1641,4
1642,3
1643,5
1644,6
1645,2
1646,1
1647,6
1648,7
1649,2
1650,5
1651,5
1652,3
1653,4
1654,6
1655,1
1656,1
1657,3
1658,5
1659,7
1660,3
1661,2
1662,6
1663,4
1664,6
1665,1
1666,1
1667,6
1668,1
1669,3
1670,1
1671,5
1672,7
1673,4
1674,2
1675,6
1676,7
1677,5
1678,2
1679,6
1680,7
1681,2
1682,6
1683,5
1684,7
1685,7
1686,1
1687,3
1688,6
1689,6
1690,7
1691,1
1692,2
1693,6
1694,5
1695,4
1696,7
1697,3
1698,6
1699,1
1700,3
1701,4
1702,6
1703,2
1704,2
1705,1
1706,7
1707,4
1708,5
1709,6
1710,3
1711,6
1712,5
1713,1
1714,2
1715,1
1716,6
1717,6
1718,2
1719,3
1720,2
1721,6
1722,1
1723,4
1724,6
1725,7
1726,4
1727,1
1728,7
1729,4
1730,1
1731,3
1732,7
1733,5
1734,6
1735,4
1736,5
1737,1
1738,7
1739,7
1740,4
1741,6
1742,3
1743,5
1744,4
1745,1
1746,6
1747,3
1748,2
1749,6
1750,1
1751,4
1752,5
1753,4
1754,7
1755,3
1756,6
1757,7
1758,2
1759,2
1760,5
1761,7
1762,2
1763,4
1764,6
1765,4
1766,7
1767,5
1768,5
1769,1
1770,7
1771,1
1772,2
1773,6
1774,7
1775,3
1776,7
1777,4
1778,2
1779,5
1780,6
1781,2
1782,3
1783,5
1784,7
1785,7
1786,2
1787,7
1788,3
1789,4
1790,5
1791,1
1792,3
1793,1
1794,4
1795,5
1796,3
1797,4
1798,6
1799,6
1800,2
1801,7
1802,5
1803,2
1804,7
1805,6
1806,1
1807,1
1808,2
1809,7
1810,1
1811,5
1812,3
1813,6
1814,2
1815,4
1816,7
1817,6
1818,4
1819,4
1820,2
1821,6
1822,4
1823,2
1824,1
1825,1
1826,3
1827,7
1828,6
1829,4
1830,1
1831,5
1832,4
1833,2
1834,7
1835,5
1836,6
1837,3
1838,4
1839,1
1840,6
1841,5
1842,2
1843,7
1844,2
1845,7
1846,3
1847,5
1848,6
1849,1
1850,4
1851,2
1852,1
1853,7
1854,4
1855,5
1856,2
1857,6
1858,3
1859,7
1860,1
1861,6
1862,2
1863,5
1864,3
1865,4
1866,4
1867,5
1868,3
1869,1
1870,2
1871,6
1872,7
1873,2
1874,7
1875,5
1876,1
1877,4
1878,3
1879,6
1880,4
1881,3
1882,6
1883,2
1884,7
1885,1
1886,4
1887,3
1888,3
1889,2
1890,6
1891,6
1892,3
1893,2
1894,6
1895,3
1896,1
1897,5
1898,4
1899,3
1900,6
1901,3
1902,4
1903,4
1904,2
1905,3
1906,7
1907,2
1908,4
1909,3
1910,1
1911,7
1912,5
1913,5
1914,6
1915,5
1916,5
1917,7
1918,2
1919,2
1920,1
1921,6
1922,1
1923,6
1924,4
1925,7
1926,5
1927,1
1928,1
1929,4
1930,2
1931,7
1932,5
1933,4
1934,6
1935,7
1936,2
1937,5
1938,2
1939,4
1940,7
1941,1
1942,6
1943,5
1944,4
1945,3
1946,2
1947,7
1948,5
1949,6
1950,1
1951,3
1952,2
1953,4
1954,7
1955,5
1956,6
1957,1
1958,6
1959,7
1960,5
1961,3
1962,1
1963,4
1964,2
1965,1
1966,4
1967,3
1968,2
1969,4
1970,3
1971,7
1972,6
1973,2
1974,5
1975,5
1976,6
1977,7
1978,6
1979,4
1980,5
1981,4
1982,3
1983,5
1984,3
1985,5
1986,6
1987,5
1988,3
1989,7
1990,3
1991,4
1992,4
1993,7
1994,6
1995,7
1996,2
1997,7
1998,6
1999,1
2000,1
2001,7
2002,4
2003,6
2004,3
2005,2
2006,5
2007,6
2008,3
2009,3
2010,3
2011,7
2012,4
2013,2
2014,2
2015,2
2016,4
2017,7
2018,5
2019,6
2020,4
2021,4
2022,4
2023,5
2024,5
2025,5
2026,1
2027,2
2028,5
2029,3
2030,1
2031,7
2032,4
2033,6
2034,3
2035,2
2036,6
2037,4
2038,7
2039,5
2040,1
2041,2
2042,4
2043,4
2044,6
2045,1
2046,3
2047,7
2048,4
2049,6
2050,3
2051,7
2052,2
2053,2
2054,6
2055,7
2056,5
2057,1
2058,3
2059,4
2060,5
2061,1
2062,4
2063,6
2064,1
2065,6
2066,4
2067,3
2068,7
2069,6
2070,3
2071,5
2072,2
2073,1
2074,4
2075,6
2076,1
2077,3
2078,4
2079,7
2080,2
2081,6
2082,5
2083,4
2084,1
2085,4
2086,3
2087,6
2088,2
2089,1
2090,5
2091,7
2092,4
2093,6
2094,3
2095,1
2096,1
2097,4
2098,3
2099,5
2100,4
2101,3
2102,1
2103,3
2104,1
2105,2
2106,7
2107,5
2108,4
2109,6
2110,5
2111,6
2112,4
2113,4
2114,6
2115,4
2116,6
2117,7
2118,5
2119,2
2120,4
2121,3
2122,3
2123,5
2124,1
2125,7
2126,4
2127,6
2128,7
2129,3
2130,6
2131,6
2132,5
2133,7
2134,4
2135,5
2136,3
2137,2
2138,4
2139,4
2140,4
2141,5
2142,3
2143,3
2144,7
2145,5
2146,4
2147,6
2148,6
2149,3
2150,5
2151,2
2152,6
2153,3
2154,2
2155,2
2156,4
2157,1
2158,7
2159,1
2160,6
2161,5
2162,7
2163,1
2164,3
2165,2
2166,5
2167,1
2168,6
2169,5
2170,3
2171,4
2172,4
2173,4
2174,6
2175,6
2176,5
2177,1
2178,3
2179,6
2180,5
2181,1
2182,2
2183,1
2184,7
2185,3
2186,7
2187,7
2188,2
2189,2
2190,7
2191,5
2192,3
2193,6
2194,4
2195,1
2196,3
2197,4
2198,6
2199,1
2200,5
2201,4
2202,6
2203,3
2204,7
2205,6
2206,4
2207,2
2208,3
2209,7
2210,5
2211,1
2212,1
2213,1
2214,1
2215,1
2216,2
2217,6
2218,6
2219,3
2220,5
2221,7
2222,1
2223,4
2224,5
2225,2
2226,3
2227,5
2228,6
2229,2
2230,7
2231,4
2232,3
2233,5
2234,6
2235,2
2236,1
2237,6
2238,6
2239,5
2240,6
2241,5
2242,5
2243,1
2244,2
2245,1
2246,7
2247,3
2248,4
2249,1
2250,7
2251,3
2252,2
2253,1
2254,3
2255,4
2256,2
2257,1
2258,6
2259,7
2260,3
2261,2
2262,3
2263,6
2264,6
2265,2
2266,1
2267,5
2268,7
2269,4
2270,1
2271,2
2272,3
2273,7
2274,6
2275,6
2276,2
2277,6
2278,5
2279,2
2280,5
2281,2
2282,6
2283,6
2284,1
2285,1
2286,6
2287,4
2288,6
2289,2
2290,1
2291,6
2292,4
2293,1
2294,5
2295,2
2296,6
2297,5
2298,1
2299,4
2300,1
2301,7
2302,1
2303,4
2304,3
2305,5
2306,3
2307,3
2308,1
2309,4
2310,2
2311,4
2312,2
2313,1
2314,3
2315,4
2316,6
2317,5
2318,7
2319,6
2320,4
2321,1
2322,1
2323,4
2324,2
2325,7
2326,1
2327,4
2328,3
2329,3
2330,2
2331,3
2332,5
2333,6
2334,7
2335,5
2336,7
2337,2
2338,3
2339,7
2340,4
2341,1
2342,6
2343,5
2344,7
2345,2
2346,6
2347,3
2348,1
2349,5
2350,4
2351,5
2352,6
2353,1
2354,3
2355,7
2356,3
2357,7
2358,6
2359,6
2360,5
2361,2
2362,3
2363,5
2364,3
2365,7
2366,4
2367,6
2368,2
2369,7
2370,3
2371,3
2372,2
2373,4
2374,4
2375,2
2376,5
2377,7
2378,4
2379,1
2380,6
2381,1
2382,2
2383,3
2384,1
2385,5
2386,6
2387,7
2388,5
2389,6
2390,6
2391,3
2392,7
2393,2
2394,5
2395,1
2396,4
2397,5
2398,6
2399,7
2400,1
2401,4
2402,2
2403,3
2404,5
2405,6
2406,6
2407,3
2408,4
2409,7
2410,1
2411,2
2412,4
2413,6
2414,7
2415,2
2416,1
2417,5
2418,7
2419,3
2420,7
2421,1
2422,1
2423,6
2424,4
2425,2
2426,4
2427,3
2428,7
2429,5
2430,1
2431,3
2432,2
2433,1
2434,3
2435,7
2436,1
2437,1
2438,4
2439,7
2440,3
2441,4
2442,1
2443,4
2444,2
2445,3
2446,1
2447,5
2448,6
2449,7
2450,7
2451,6
2452,4
2453,2
2454,1
2455,5
2456,3
2457,4
2458,6
2459,1
2460,5
2461,4
2462,2
2463,7
2464,6
2465,3
2466,6
2467,2
2468,6
2469,5
2470,7
2471,5
2472,2
2473,3
2474,5
2475,1
2476,3
2477,4
2478,1
2479,2
2480,4
2481,1
2482,3
2483,6
2484,2
2485,4
2486,7
2487,5
2488,1
2489,4
2490,5
2491,2
2492,1
2493,7
2494,3
2495,6
2496,5
2497,7
2498,6
2499,2
2500,4
2501,3
2502,7
2503,6
2504,4
2505,3
2506,1
2507,2
2508,4
2509,1
2510,7
2511,3
2512,5
2513,1
2514,7
2515,6
2516,3
2517,5
2518,4
2519,2
2520,1
2521,7
2522,3
2523,4
2524,5
2525,6
2526,2
2527,1
2528,6
2529,3
2530,7
2531,5
2532,1
2533,6
2534,4
2535,7
2536,5
2537,6
2538,2
2539,7
2540,5
2541,6
2542,7
2543,5
2544,1
2545,3
2546,3
2547,2
2548,7
2549,4
2550,7
2551,2
2552,3
2553,7
2554,3
2555,4
2556,6
2557,5
2558,2
2559,1
2560,6
2561,3
2562,5
2563,7
2564,3
2565,4
2566,2
2567,1
2568,3
2569,2
2570,7
2571,1
2572,5
2573,4
2574,6
2575,5
2576,7
2577,6
2578,3
2579,5
2580,4
2581,2
2582,1
2583,6
2584,3
2585,7
2586,5
2587,4
2588,6
2589,1
2590,3
2591,2
2592,4
2593,3
2594,3
2595,5
2596,1
2597,2
2598,4
2599,2
2600,5
2601,7
2602,1
2603,6
2604,7
2605,6
2606,7
2607,4
2608,4
2609,6
2610,3
2611,5
2612,6
2613,3
2614,5
2615,3
2616,7
2617,2
2618,5
2619,7
2620,2
2621,4
2622,1
2623,2
2624,1
2625,6
2626,5
2627,6
2628,7
2629,3
2630,4
2631,7
2632,2
2633,5
2634,6
2635,2
2636,4
2637,5
2638,3
2639,7
2640,1
2641,6
2642,4
2643,2
2644,1
2645,6
2646,3
2647,6
2648,2
2649,4
2650,1
2651,5
2652,2
2653,1
2654,6
2655,4
2656,3
2657,7
2658,5
2659,3
2660,5
2661,7
2662,7
2663,5
2664,4
2665,7
2666,6
2667,2
2668,1
2669,3
2670,7
2671,5
2672,3
2673,5
2674,4
2675,4
2676,1
2677,3
2678,2
2679,7
2680,6
2681,7
2682,2
2683,6
2684,4
2685,5
2686,6
2687,4
2688,3
2689,5
2690,2
2691,6
2692,4
2693,2
2694,5
2695,3
2696,1
2697,3
2698,1
2699,7
2700,7
2701,1
2702,5
2703,4
2704,3
2705,2
2706,6
2707,3
2708,4
2709,5
2710,2
2711,4
2712,3
2713,2
2714,7
2715,5
2716,1
2717,6
2718,6
2719,1
2720,7
2721,7
2722,1
2723,5
2724,6
2725,2
2726,7
2727,1
2728,3
2729,4
2730,3
2731,4
2732,2
2733,5
2734,6
2735,1
2736,7
2737,1
2738,6
2739,5
2740,3
2741,5
2742,6
2743,6
2744,5
2745,1
2746,4
2747,7
2748,3
2749,4
2750,4
2751,1
2752,7
2753,6
2754,4
2755,2
2756,4
2757,2
2758,6
2759,2
2760,4
2761,7
2762,6
2763,3
2764,3
2765,3
2766,4
2767,5
2768,1
2769,1
2770,4
2771,5
2772,7
2773,1
2774,6
2775,5
2776,4
2777,4
2778,5
2779,2
2780,7
2781,7
2782,5
2783,7
2784,2
2785,5
2786,4
2787,3
2788,6
2789,7
2790,4
2791,5
2792,2
2793,3
2794,5
2795,3
2796,6
2797,6
2798,5
2799,3
2800,4
2801,4
2802,4
2803,4
2804,4
2805,3
2806,3
2807,5
2808,1
2809,2
2810,5
2811,1
2812,4
2813,2
2814,3
2815,5
2816,5
2817,3
2818,6
2819,1
2820,4
2821,2
2822,4
2823,7
2824,6
2825,5
2826,2
2827,3
2828,1
2829,4
2830,6
2831,2
2832,4
2833,1
2834,6
2835,5
2836,3
2837,4
2838,1
2839,6
2840,5
2841,3
2842,4
2843,3
2844,4
2845,6
2846,3
2847,4
2848,6
2849,5
2850,3
2851,7
2852,5
2853,2
2854,7
2855,5
2856,3
2857,2
2858,1
2859,6
2860,7
2861,5
2862,4
2863,6
2864,5
2865,2
2866,1
2867,7
2868,4
2869,6
2870,5
2871,5
2872,4
2873,3
2874,7
2875,7
2876,3
2877,4
2878,6
2879,3
2880,2
2881,1
2882,5
2883,3
2884,6
2885,6
2886,4
2887,2
2888,1
2889,7
2890,6
2891,3
2892,4
2893,5
2894,3
2895,2
2896,7
2897,5
2898,5
2899,3
2900,6
2901,4
2902,2
2903,7
2904,1
2905,1
2906,6
2907,3
2908,4
2909,7
2910,1
2911,5
2912,2
2913,6
2914,2
2915,7
2916,1
2917,4
2918,3
2919,5
2920,7
2921,3
2922,2
2923,4
2924,6
2925,5
2926,1
2927,3
2928,2
2929,7
2930,5
2931,4
2932,1
2933,7
2934,1
2935,3
2936,4
2937,6
2938,6
2939,5
2940,2
2941,3
2942,3
2943,3
2944,3
2945,3
2946,6
2947,3
2948,7
2949,6
2950,5
2951,2
2952,4
2953,7
2954,6
2955,5
2956,6
2957,1
2958,7
2959,2
2960,4
2961,3
2962,5
2963,1
2964,4
2965,7
2966,4
2967,6
2968,3
2969,6
2970,7
2971,5
2972,2
2973,3
2974,1
2975,3
2976,4
2977,7
2978,1
2979,6
2980,5
2981,4
2982,3
2983,5
2984,4
2985,3
2986,7
2987,7
2988,7
2989,6
2990,5
2991,2
2992,5
2993,1
2994,6
2995,2
2996,3
2997,4
2998,7
2999,2
3000,6
3001,1
3002,5
3003,3
3004,4
3005,7
3006,4
3007,3
3008,5
3009,6
3010,7
3011,2
3012,1
3013,4
3014,7
3015,5
3016,3
3017,2
3018,6
3019,1
3020,3
3021,7
3022,1
3023,5
3024,5
3025,1
3026,3
3027,7
3028,4
3029,6
3030,3
3031,5
3032,1
3033,2
3034,6
3035,6
3036,5
3037,7
3038,2
3039,2
3040,1
3041,3
3042,7
3043,4
3044,4
3045,3
3046,4
3047,2
3048,5
3049,7
3050,1
3051,1
3052,2
3053,3
3054,4
3055,6
3056,5
3057,7
3058,1
3059,6
3060,4
3061,7
3062,2
3063,3
3064,2
3065,5
3066,7
3067,6
3068,1
3069,4
3070,5
3071,1
3072,7
3073,2
3074,6
3075,3
3076,2
3077,3
3078,5
3079,3
3080,7
3081,4
3082,6
3083,6
3084,4
3085,5
3086,7
3087,2
3088,4
3089,2
3090,3
3091,5
3092,1
3093,1
3094,7
3095,6
3096,1
3097,6
3098,1
3099,7
3100,5
3101,7
3102,5
3103,7
3104,7
3105,7
3106,3
3107,2
3108,6
3109,4
3110,1
3111,2
3112,4
3113,5
3114,6
3115,4
3116,6
3117,5
3118,1
3119,5
3120,6
3121,3
3122,1
3123,6
3124,6
3125,1
3126,6
3127,4
3128,7
3129,3
3130,2
3131,7
3132,3
3133,4
3134,2
3135,5
3136,1
3137,4
3138,5
3139,2
3140,3
3141,7
3142,4
3143,5
3144,2
3145,6
3146,1
3147,1
3148,3
3149,1
3150,3
3151,6
3152,3
3153,4
3154,5
3155,2
3156,7
3157,1
3158,4
3159,6
3160,4
3161,7
3162,2
3163,3
3164,5
3165,6
3166,4
3167,6
3168,5
3169,4
3170,3
3171,7
3172,4
3173,7
3174,5
3175,1
3176,5
3177,7
3178,3
3179,6
3180,2
3181,1
3182,2
3183,6
3184,4
3185,5
3186,7
3187,2
3188,3
3189,6
3190,1
3191,4
3192,4
3193,5
3194,7
3195,3
3196,6
3197,6
3198,4
3199,2
3200,7
3201,1
3202,5
3203,3
3204,5
3205,6
3206,3
3207,7
3208,6
3209,4
3210,3
3211,4
3212,2
3213,5
3214,1
3215,1
3216,2
3217,7
3218,1
3219,6
3220,3
3221,7
3222,2
3223,5
3224,4
3225,3
3226,7
3227,7
3228,5
3229,5
3230,2
3231,6
3232,2
3233,6
3234,4
3235,4
3236,2
3237,3
3238,6
3239,5
3240,7
3241,1
3242,4
3243,3
3244,7
3245,3
3246,7
3247,6
3248,1
3249,2
3250,5
3251,4
3252,1
3253,1
3254,3
3255,2
3256,6
3257,5
3258,6
3259,7
3260,1
3261,2
3262,3
3263,2
3264,1
3265,7
3266,6
3267,1
3268,6
3269,7
3270,3
3271,1
3272,2
3273,7
3274,3
3275,4
3276,5
3277,6
3278,7
3279,4
3280,5
3281,5
3282,4
3283,3
3284,6
3285,5
3286,4
3287,2
3288,1
3289,7
3290,1
3291,7
3292,4
3293,5
3294,3
3295,6
3296,2
3297,7
3298,1
3299,2
3300,5
3301,6
3302,6
3303,5
3304,7
3305,1
3306,4
3307,4
3308,5
3309,2
3310,1
3311,5
3312,2
3313,4
3314,7
3315,3
3316,6
3317,2
3318,7
3319,1
3320,3
3321,6
3322,7
3323,7
3324,4
3325,3
3326,2
3327,7
3328,7
3329,5
3330,4
3331,3
3332,5
3333,4
3334,6
3335,6
3336,1
3337,3
3338,2
3339,1
3340,1
3341,4
3342,5
3343,1
3344,2
3345,6
3346,2
3347,3
3348,6
3349,5
3350,4
3351,6
3352,5
3353,4
3354,7
3355,3
3356,2
3357,1
3358,6
3359,7
3360,1
3361,5
3362,7
3363,2
3364,3
3365,5
3366,1
3367,7
3368,5
3369,1
3370,2
3371,4
3372,6
3373,3
3374,7
3375,6
3376,3
3377,4
3378,2
3379,7
3380,4
3381,5
3382,1
3383,3
3384,2
3385,6
3386,7
3387,2
3388,4
3389,6
3390,5
3391,1
3392,3
3393,3
3394,3
3395,2
3396,7
3397,1
3398,7
3399,4
3400,5
3401,1
3402,5
3403,6
3404,7
3405,3
3406,4
3407,5
3408,6
3409,2
3410,1
3411,4
3412,6
3413,2
3414,3
3415,1
3416,5
3417,7
3418,5
3419,7
3420,6
3421,4
3422,7
3423,5
3424,4
3425,1
3426,2
3427,6
3428,2
3429,7
3430,7
3431,4
3432,5
3433,6
3434,2
3435,6
3436,5
3437,1
3438,3
3439,7
3440,4
3441,6
3442,6
3443,7
3444,6
3445,6
3446,1
3447,3
3448,5
3449,2
3450,4
3451,7
3452,6
3453,4
3454,5
3455,5
3456,1
3457,6
3458,5
3459,3
3460,3
3461,5
3462,1
3463,3
3464,1
3465,1
3466,4
3467,2
3468,5
3469,6
3470,3
3471,5
3472,7
3473,5
3474,4
3475,4
3476,2
3477,5
3478,6
3479,7
3480,1
3481,7
3482,4
3483,1
3484,7
3485,3
3486,5
3487,3
3488,1
3489,2
3490,1
3491,4
3492,5
3493,2
3494,3
3495,6
3496,7
3497,1
3498,7
3499,2
3500,7
3501,4
3502,3
3503,3
3504,5
3505,2
3506,6
3507,6
3508,5
3509,6
3510,3
3511,2
3512,7
3513,4
3514,4
3515,5
3516,6
3517,7
3518,1
3519,1
3520,2
3521,4
3522,6
3523,6
3524,4
3525,2
3526,3
3527,6
3528,1
3529,7
3530,5
3531,3
3532,2
3533,5
3534,3
3535,7
3536,1
3537,4
3538,5
3539,2
3540,6
3541,4
3542,1
3543,7
3544,6
3545,7
3546,1
3547,3
3548,4
3549,5
3550,6
3551,6
3552,3
3553,1
3554,5
3555,2
3556,4
3557,2
3558,7
3559,3
3560,1
3561,2
3562,1
3563,6
3564,5
3565,5
3566,3
3567,7
3568,2
3569,4
3570,6
3571,1
3572,1
3573,5
3574,7
3575,2
3576,6
3577,2
3578,3
3579,5
3580,1
3581,4
3582,7
3583,5
3584,6
3585,2
3586,4
3587,7
3588,7
3589,4
3590,2
3591,1
3592,5
3593,6
3594,3
3595,4
3596,7
3597,5
3598,6
3599,1
3600,2
3601,7
3602,6
3603,5
3604,7
3605,7
3606,6
3607,2
3608,5
3609,3
3610,5
3611,4
3612,6
3613,1
3614,4
3615,1
3616,2
3617,3
3618,7
3619,5
3620,4
3621,6
3622,3
3623,2
3624,1
3625,7
3626,7
3627,1
3628,7
3629,6
3630,4
3631,4
3632,3
3633,6
3634,3
3635,5
3636,7
3637,7
3638,1
3639,6
3640,4
3641,3
3642,2
3643,4
3644,6
3645,2
3646,6
3647,6
3648,6
3649,6
3650,6
3651,6
3652,1
3653,1
3654,4
3655,6
3656,6
3657,5
3658,3
3659,5
3660,2
3661,5
3662,1
3663,2
3664,3
3665,2
3666,4
3667,2
3668,5
3669,6
3670,4
3671,2
3672,1
3673,3
3674,3
3675,2
3676,4
3677,3
3678,6
3679,2
3680,3
3681,6
3682,5
3683,4
3684,3
3685,2
3686,1
3687,7
3688,5
3689,4
3690,5
3691,6
3692,7
3693,3
3694,4
3695,3
3696,6
3697,4
3698,5
3699,6
3700,3
3701,7
3702,4
3703,2
3704,3
3705,6
3706,2
3707,6
3708,4
3709,4
3710,3
3711,6
3712,5
3713,1
3714,2
3715,7
3716,5
3717,7
3718,3
3719,4
3720,2
3721,1
3722,7
3723,1
3724,5
3725,3
3726,6
3727,4
3728,3
3729,5
3730,6
3731,7
3732,1
3733,1
3734,1
3735,7
3736,4
3737,2
3738,7
3739,2
3740,6
3741,5
3742,7
3743,2
3744,1
3745,7
3746,4
3747,1
3748,5
3749,2
3750,6
3751,3
3752,3
3753,2
3754,6
3755,5
3756,1
3757,3
3758,7
3759,1
3760,2
3761,5
3762,4
3763,6
3764,3
3765,7
3766,1
3767,2
3768,5
3769,7
3770,4
3771,3
3772,5
3773,1
3774,7
3775,5
3776,6
3777,4
3778,2
3779,7
3780,1
3781,3
3782,5
3783,2
3784,4
3785,6
3786,7
3787,7
3788,1
3789,3
3790,6
3791,5
3792,4
3793,1
3794,2
3795,7
3796,3
3797,2
3798,7
3799,4
3800,1
3801,6
3802,5
3803,3
3804,7
3805,6
3806,4
3807,6
3808,5
3809,7
3810,1
3811,2
3812,7
3813,5
3814,1
3815,3
3816,4
3817,3
3818,6
3819,2
3820,1
3821,7
3822,7
3823,7
3824,1
3825,2
3826,4
3827,6
3828,3
3829,5
3830,4
3831,4
3832,1
3833,3
3834,2
3835,2
3836,3
3837,7
3838,4
3839,4
3840,7
3841,1
3842,6
3843,6
3844,4
3845,2
3846,4
3847,1
3848,2
3849,4
3850,6
3851,3
3852,7
3853,5
3854,2
3855,6
3856,3
3857,2
3858,1
3859,7
3860,5
3861,1
3862,6
3863,6
3864,5
3865,5
3866,4
3867,3
3868,3
3869,1
3870,2
3871,4
3872,1
3873,3
3874,2
3875,6
3876,7
3877,5
3878,2
3879,3
3880,7
3881,6
3882,4
3883,5
3884,1
3885,6
3886,3
3887,4
3888,5
3889,2
3890,7
3891,1
3892,7
3893,4
3894,2
3895,1
3896,6
3897,3
3898,5
3899,5
3900,3
3901,1
3902,4
3903,2
3904,6
3905,7
3906,6
3907,5
3908,1
3909,4
3910,3
3911,5
3912,1
3913,3
3914,2
3915,4
3916,6
3917,7
3918,2
3919,7
3920,3
3921,7
3922,2
3923,4
3924,6
3925,1
3926,5
3927,5
3928,6
3929,3
3930,2
3931,4
3932,1
3933,7
3934,3
3935,7
3936,4
3937,6
3938,5
3939,2
3940,1
3941,6
3942,4
3943,2
3944,3
3945,5
3946,7
3947,1
3948,3
3949,5
3950,1
3951,7
3952,7
3953,6
3954,5
3955,3
3956,4
3957,1
3958,2
3959,3
3960,5
3961,6
3962,7
3963,4
3964,2
3965,1
3966,5
3967,3
3968,4
3969,1
3970,6
3971,2
3972,7
3973,2
3974,3
3975,4
3976,6
3977,5
3978,7
3979,1
3980,6
3981,4
3982,2
3983,7
3984,3
3985,5
3986,6
3987,4
3988,3
3989,5
3990,7
3991,4
3992,1
3993,6
3994,6
3995,2
3996,3
3997,5
3998,1
3999,4
4000,7
4001,3
4002,7
4003,5
4004,2
4005,2
4006,5
4007,4
4008,3
4009,4
4010,3
4011,2
4012,1
4013,4
4014,7
4015,5
4016,2
4017,3
4018,7
4019,6
4020,5
4021,6
4022,4
4023,3
4024,2
4025,5
4026,1
4027,1
4028,1
4029,6
4030,7
4031,2
4032,1
4033,4
4034,5
4035,3
4036,6
4037,5
4038,1
4039,7
4040,6
4041,4
4042,2
4043,4
4044,6
4045,4
4046,7
4047,3
4048,1
4049,5
4050,2
4051,2
4052,7
4053,5
4054,1
4055,6
4056,3
4057,7
4058,5
4059,1
4060,4
4061,2
4062,6
4063,4
4064,2
4065,7
4066,3
4067,7
4068,1
4069,7
4070,2
4071,7
4072,5
4073,5
4074,1
4075,2
4076,1
4077,7
4078,1
4079,3
4080,2
4081,3
4082,2
4083,1
4084,5
4085,1
4086,4
4087,2
4088,1
4089,5
4090,5
4091,6
4092,4
4093,3
4094,3
4095,6
4096,2
4097,7
4098,5
4099,6
4100,4
4101,7
4102,3
4103,1
4104,4
4105,4
4106,2
4107,3
4108,1
4109,6
4110,5
4111,7
4112,3
4113,2
4114,3
4115,6
4116,5
4117,4
4118,5
4119,4
4120,1
4121,2
4122,6
4123,7
4124,1
4125,7
4126,2
4127,5
4128,3
4129,2
4130,3
4131,4
4132,3
4133,2
4134,6
4135,5
4136,5
4137,4
4138,2
4139,5
4140,4
4141,7
4142,6
4143,7
4144,1
4145,3
4146,6
4147,4
4148,6
4149,7
4150,1
4151,3
4152,4
4153,6
4154,5
4155,2
4156,7
4157,1
4158,1
4159,1
4160,6
4161,7
4162,5
4163,2
4164,4
4165,3
4166,7
4167,1
4168,7
4169,7
4170,1
4171,1
4172,7
4173,2
4174,2
4175,2
4176,5
4177,2
4178,5
4179,4
4180,6
4181,7
4182,6
4183,4
4184,5
4185,1
4186,2
4187,4
4188,3
4189,3
4190,2
4191,7
4192,5
4193,2
4194,3
4195,1
4196,2
4197,1
4198,2
4199,1
4200,3
4201,5
4202,1
4203,6
4204,4
4205,6
4206,7
4207,5
4208,2
4209,7
4210,5
4211,6
4212,1
4213,3
4214,4
4215,2
4216,3
4217,6
4218,3
4219,7
4220,4
4221,1
4222,5
4223,2
4224,7
4225,2
4226,1
4227,4
4228,1
4229,2
4230,4
4231,3
4232,5
4233,6
4234,1
4235,7
4236,5
4237,7
4238,3
4239,2
4240,6
4241,4
4242,6
4243,1
4244,7
4245,7
4246,2
4247,5
4248,1
4249,5
4250,2
4251,1
4252,2
4253,4
4254,3
4255,4
4256,6
4257,7
4258,4
4259,3
4260,5
4261,3
4262,5
4263,1
4264,2
4265,7
4266,2
4267,4
4268,1
4269,4
4270,3
4271,6
4272,5
4273,7
4274,5
4275,6
4276,7
4277,1
4278,5
4279,2
4280,7
4281,6
4282,4
4283,3
4284,5
4285,6
4286,1
4287,2
4288,7
4289,6
4290,3
4291,5
4292,2
4293,7
4294,1
4295,3
4296,1
4297,2
4298,6
4299,7
4300,4
4301,2
4302,7
4303,7
4304,1
4305,5
4306,1
4307,3
4308,4
4309,6
4310,3
4311,7
4312,5
4313,2
4314,5
4315,6
4316,1
4317,7
4318,4
4319,5
4320,2
4321,4
4322,5
4323,6
4324,3
4325,2
4326,7
4327,1
4328,7
4329,3
4330,2
4331,1
4332,4
4333,4
4334,7
4335,6
4336,2
4337,3
4338,1
4339,5
4340,2
4341,3
4342,6
4343,4
4344,7
4345,5
4346,1
4347,3
4348,4
4349,5
4350,6
4351,1
4352,7
4353,2
4354,2
4355,3
4356,5
4357,4
4358,7
4359,1
4360,6
4361,2
4362,4
4363,1
4364,5
4365,3
4366,3
4367,7
4368,1
4369,5
4370,4
4371,2
4372,6
4373,7
4374,6
4375,2
4376,4
4377,3
4378,1
4379,5
4380,7
4381,3
4382,1
4383,7
4384,6
4385,5
4386,4
4387,7
4388,2
4389,1
4390,3
4391,5
4392,6
4393,6
4394,4
4395,7
4396,2
4397,4
4398,5
4399,7
4400,2
4401,3
4402,1
4403,4
4404,1
4405,3
4406,5
4407,7
4408,7
4409,4
4410,1
4411,3
4412,2
4413,7
4414,6
4415,5
4416,6
4417,1
4418,2
4419,3
4420,4
4421,7
4422,3
4423,5
4424,2
4425,7
4426,4
4427,3
4428,4
4429,7
4430,2
4431,6
4432,1
4433,6
4434,6
4435,7
4436,6
4437,3
4438,1
4439,2
4440,5
4441,4
4442,5
4443,7
4444,7
4445,5
4446,6
4447,7
4448,3
4449,1
4450,4
4451,2
4452,3
4453,4
4454,1
4455,7
4456,5
4457,6
4458,4
4459,7
4460,3
4461,1
4462,2
4463,5
4464,2
4465,6
4466,3
4467,6
4468,7
4469,1
4470,6
4471,4
4472,5
4473,2
4474,7
4475,5
4476,5
4477,4
4478,6
4479,3
4480,2
4481,7
4482,1
4483,5
4484,7
4485,3
4486,4
4487,3
4488,7
4489,2
4490,6
4491,3
4492,6
4493,1
4494,4
4495,2
4496,3
4497,4
4498,7
4499,6
4500,5
4501,4
4502,2
4503,7
4504,3
4505,7
4506,1
4507,7
4508,3
4509,6
4510,4
4511,7
4512,1
4513,3
4514,2
4515,2
4516,4
4517,5
4518,5
4519,3
4520,6
4521,2
4522,4
4523,1
4524,7
4525,5
4526,3
4527,7
4528,6
4529,1
4530,4
4531,4
4532,3
4533,1
4534,3
4535,5
4536,7
4537,4
4538,5
4539,6
4540,6
4541,2
4542,7
4543,1
4544,4
4545,2
4546,1
4547,4
4548,6
4549,7
4550,5
4551,6
4552,2
4553,1
4554,5
4555,2
4556,3
4557,7
4558,1
4559,3
4560,4
4561,3
4562,3
4563,2
4564,4
4565,5
4566,6
4567,5
4568,7
4569,5
4570,3
4571,4
4572,6
4573,7
4574,1
4575,4
4576,3
4577,6
4578,2
4579,7
4580,2
4581,5
4582,4
4583,7
4584,3
4585,6
4586,1
4587,2
4588,1
4589,3
4590,5
4591,7
4592,4
4593,6
4594,2
4595,6
4596,7
4597,1
4598,2
4599,4
4600,6
4601,6
4602,7
4603,4
4604,2
4605,1
4606,6
4607,2
4608,5
4609,1
4610,4
4611,1
4612,6
4613,4
4614,6
4615,5
4616,7
4617,2
4618,3
4619,1
4620,6
4621,4
4622,2
4623,1
4624,7
4625,5
4626,4
4627,3
4628,6
4629,1
4630,2
4631,5
4632,7
4633,7
4634,3
4635,4
4636,6
4637,5
4638,2
4639,1
4640,6
4641,5
4642,7
4643,4
4644,3
4645,2
4646,1
4647,7
4648,3
4649,6
4650,2
4651,3
4652,7
4653,5
4654,2
4655,5
4656,7
4657,5
4658,2
4659,2
4660,3
4661,4
4662,5
4663,2
4664,7
4665,7
4666,2
4667,6
4668,4
4669,1
4670,5
4671,1
4672,3
4673,6
4674,5
4675,4
4676,2
4677,1
4678,6
4679,1
4680,2
4681,3
4682,7
4683,4
4684,5
4685,3
4686,4
4687,7
4688,6
4689,5
4690,1
4691,2
4692,6
4693,4
4694,5
4695,3
4696,1
4697,7
4698,6
4699,3
4700,1
4701,7
4702,2
4703,5
4704,4
4705,2
4706,1
4707,7
4708,3
4709,6
4710,5
4711,2
4712,4
4713,7
4714,3
4715,3
4716,6
4717,4
4718,7
4719,4
4720,5
4721,3
4722,5
4723,5
4724,4
4725,3
4726,4
4727,6
4728,5
4729,6
4730,2
4731,7
4732,6
4733,7
4734,1
4735,1
4736,7
4737,3
4738,6
4739,7
4740,3
4741,1
4742,2
4743,7
4744,4
4745,6
4746,5
4747,6
4748,1
4749,7
4750,5
4751,3
4752,5
4753,6
4754,7
4755,4
4756,2
4757,7
4758,3
4759,7
4760,4
4761,2
4762,6
4763,5
4764,7
4765,2
4766,1
4767,6
4768,3
4769,2
4770,4
4771,7
4772,5
4773,1
4774,4
4775,6
4776,2
4777,2
4778,4
4779,4
4780,5
4781,5
4782,7
4783,6
4784,3
4785,1
4786,7
4787,3
4788,6
4789,4
4790,1
4791,3
4792,4
4793,2
4794,6
4795,7
4796,5
4797,1
4798,3
4799,5
4800,2
4801,4
4802,5
4803,3
4804,6
4805,7
4806,1
4807,2
4808,1
4809,3
4810,1
4811,6
4812,7
4813,7
4814,5
4815,5
4816,6
4817,4
4818,4
4819,4
4820,3
4821,2
4822,6
4823,5
4824,1
4825,7
4826,1
4827,3
4828,4
4829,6
4830,7
4831,5
4832,2
4833,7
4834,4
4835,3
4836,7
4837,6
4838,5
4839,7
4840,5
4841,3
4842,1
4843,5
4844,3
4845,1
4846,7
4847,4
4848,3
4849,2
4850,1
4851,5
4852,7
4853,6
4854,4
4855,2
4856,7
4857,5
4858,1
4859,2
4860,6
4861,6
4862,3
4863,3
4864,2
4865,6
4866,4
4867,7
4868,5
4869,1
4870,3
4871,5
4872,1
4873,7
4874,4
4875,2
4876,6
4877,7
4878,5
4879,3
4880,2
4881,4
4882,6
4883,5
4884,1
4885,7
4886,7
4887,5
4888,4
4889,1
4890,3
4891,6
4892,2
4893,3
4894,2
4895,5
4896,1
4897,6
4898,7
4899,4
4900,5
4901,3
4902,6
4903,6
4904,5
4905,7
4906,2
4907,4
4908,3
4909,2
4910,6
4911,3
4912,5
4913,7
4914,7
4915,2
4916,1
4917,1
4918,1
4919,4
4920,4
4921,4
4922,3
4923,5
4924,6
4925,2
4926,7
4927,1
4928,3
4929,3
4930,5
4931,2
4932,3
4933,1
4934,5
4935,5
4936,2
4937,2
4938,5
4939,2
4940,6
4941,1
4942,1
4943,2
4944,4
4945,6
4946,5
4947,2
4948,3
4949,7
4950,4
4951,6
4952,1
4953,5
4954,5
4955,1
4956,4
4957,2
4958,7
4959,2
4960,1
4961,3
4962,6
4963,5
4964,4
4965,6
4966,2
4967,7
4968,4
4969,7
4970,1
4971,3
4972,2
4973,1
4974,5
4975,4
4976,4
4977,7
4978,3
4979,3
4980,1
4981,3
4982,3
4983,2
4984,7
4985,6
4986,4
4987,1
4988,5
4989,5
4990,7
4991,4
4992,6
4993,2
4994,4
4995,4
4996,1
4997,1
4998,6
4999,2
5000,2
5001,2
5002,5
5003,3
5004,4
5005,2
5006,4
5007,2
5008,6
5009,5
5010,2
5011,5
5012,3
5013,1
5014,1
5015,5
5016,1
5017,7
5018,6
5019,7
5020,4
5021,6
5022,7
5023,1
5024,5
5025,3
5026,3
5027,4
5028,7
5029,2
5030,6
5031,1
5032,2
5033,7
5034,3
5035,5
5036,6
5037,4
5038,1
5039,7
5040,6
5041,5
5042,7
5043,5
5044,2
5045,2
5046,6
5047,1
5048,3
5049,3
5050,4
5051,1
5052,4
5053,7
5054,6
5055,1
5056,3
5057,4
5058,5
5059,4
5060,7
5061,2
5062,5
5063,3
5064,6
5065,1
5066,1
5067,2
5068,3
5069,4
5070,5
5071,3
5072,2
5073,4
5074,7
5075,1
5076,6
5077,5
5078,3
5079,6
5080,4
5081,2
5082,7
5083,2
5084,7
5085,5
5086,6
5087,4
5088,1
5089,5
5090,7
5091,5
5092,4
5093,3
5094,7
5095,6
5096,1
5097,2
5098,4
5099,1
5100,4
5101,1
5102,3
5103,2
5104,7
5105,5
5106,6
5107,3
5108,5
5109,6
5110,2
5111,7
5112,6
5113,1
5114,6
5115,4
5116,7
5117,5
5118,3
5119,1
5120,6
5121,1
5122,4
5123,3
5124,2
5125,3
5126,5
5127,4
5128,6
5129,6
5130,1
5131,2
5132,4
5133,5
5134,2
5135,1
5136,3
5137,4
5138,1
5139,6
5140,5
5141,5
5142,4
5143,5
5144,4
5145,1
5146,3
5147,6
5148,2
5149,3
5150,1
5151,6
5152,2
5153,4
5154,5
5155,3
5156,2
5157,1
5158,4
5159,3
5160,5
5161,7
5162,4
5163,7
5164,6
5165,5
5166,1
5167,6
5168,7
5169,2
5170,5
5171,3
5172,1
5173,6
5174,7
5175,4
5176,1
5177,7
5178,2
5179,5
5180,6
5181,3
5182,4
5183,6
5184,2
5185,5
5186,1
5187,3
5188,4
5189,5
5190,6
5191,2
5192,7
5193,7
5194,7
5195,3
5196,2
5197,5
5198,4
5199,1
5200,6
5201,3
5202,4
5203,5
5204,6
5205,2
5206,1
5207,2
5208,6
5209,4
5210,5
5211,1
5212,7
5213,7
5214,3
5215,2
5216,3
5217,2
5218,4
5219,4
5220,6
5221,1
5222,5
5223,6
5224,5
5225,1
5226,1
5227,2
5228,7
5229,4
5230,5
5231,6
5232,7
5233,3
5234,3
5235,6
5236,7
5237,2
5238,5
5239,4
5240,1
5241,1
5242,2
5243,4
5244,3
5245,5
5246,7
5247,6
5248,3
5249,5
5250,2
5251,4
5252,6
5253,3
5254,5
5255,1
5256,2
5257,6
5258,1
5259,4
5260,6
5261,3
5262,1
5263,2
5264,4
5265,5
5266,4
5267,2
5268,5
5269,6
5270,1
5271,3
5272,1
5273,1
5274,4
5275,1
5276,4
5277,4
5278,4
5279,6
5280,1
5281,4
5282,5
5283,3
5284,6
5285,1
5286,4
5287,2
5288,7
5289,3
5290,6
5291,2
5292,5
5293,3
5294,2
5295,2
5296,3
5297,7
5298,7
5299,3
5300,1
5301,1
5302,6
5303,3
5304,1
5305,6
5306,2
5307,4
5308,2
5309,5
5310,1
5311,5
5312,6
5313,1
5314,3
5315,4
5316,4
5317,2
5318,5
5319,6
5320,3
5321,7
5322,3
5323,5
5324,5
5325,6
5326,3
5327,1
5328,3
5329,3
5330,2
5331,3
5332,2
5333,2
5334,3
5335,3
5336,3
5337,3
5338,5
5339,5
5340,5
5341,5
5342,5
5343,5
5344,4
5345,6
5346,2
5347,3
5348,6
5349,4
5350,5
5351,2
5352,3
5353,4
5354,3
5355,6
5356,7
5357,2
5358,5
5359,1
5360,4
5361,7
5362,3
5363,1
5364,6
5365,6
5366,2
5367,5
5368,6
5369,2
5370,2
5371,2
5372,1
5373,3
5374,4
5375,1
5376,2
5377,6
5378,5
5379,4
5380,1
5381,6
5382,3
5383,2
5384,6
5385,2
5386,7
5387,4
5388,1
5389,3
5390,1
5391,6
5392,2
5393,5
5394,4
5395,3
5396,1
5397,2
5398,4
5399,3
5400,5
5401,5
5402,6
5403,7
5404,7
5405,2
5406,3
5407,5
5408,2
5409,5
5410,3
5411,1
5412,5
5413,4
5414,3
5415,1
5416,4
5417,2
5418,1
5419,6
5420,6
5421,6
5422,4
5423,5
5424,1
5425,1
5426,3
5427,2
5428,6
5429,1
5430,2
5431,1
5432,3
5433,5
5434,5
5435,3
5436,1
5437,2
5438,4
5439,6
5440,6
5441,4
5442,2
5443,5
5444,4
5445,7
5446,6
5447,4
5448,3
5449,5
5450,7
5451,3
5452,2
5453,3
5454,2
5455,1
5456,6
5457,5
5458,7
5459,4
5460,1
5461,7
5462,6
5463,4
5464,6
5465,6
5466,1
5467,5
5468,3
5469,3
5470,1
5471,5
5472,2
5473,1
5474,4
5475,5
5476,7
5477,5
5478,6
5479,7
5480,3
5481,4
5482,2
5483,5
5484,6
5485,3
5486,7
5487,4
5488,1
5489,6
5490,3
5491,2
5492,5
5493,2
5494,7
5495,3
5496,1
5497,6
5498,2
5499,3
5500,4
5501,5
5502,2
5503,7
5504,1
5505,6
5506,4
5507,5
5508,6
5509,5
5510,3
5511,4
5512,7
5513,3
5514,2
5515,2
5516,1
5517,6
5518,1
5519,7
5520,3
5521,5
5522,7
5523,1
5524,1
5525,4
5526,5
5527,7
5528,2
5529,6
5530,4
5531,6
5532,2
5533,3
5534,5
5535,1
5536,7
5537,2
5538,2
5539,6
5540,6
5541,1
5542,7
5543,4
5544,3
5545,4
5546,3
5547,6
5548,3
5549,2
5550,4
5551,5
5552,1
5553,6
5554,4
5555,7
5556,5
5557,7
5558,1
5559,3
5560,5
5561,2
5562,1
5563,4
5564,1
5565,5
5566,3
5567,7
5568,7
5569,6
5570,3
5571,5
5572,1
5573,4
5574,5
5575,3
5576,2
5577,1
5578,6
5579,7
5580,4
5581,2
5582,6
5583,7
5584,2
5585,7
5586,5
5587,6
5588,3
5589,1
5590,6
5591,3
5592,7
5593,7
5594,4
5595,5
5596,1
5597,5
5598,2
5599,4
5600,6
5601,5
5602,7
5603,3
5604,6
5605,2
5606,1
5607,7
5608,1
5609,5
5610,6
5611,7
5612,1
5613,6
5614,4
5615,7
5616,5
5617,2
5618,1
5619,3
5620,3
5621,6
5622,7
5623,2
5624,4
5625,5
5626,2
5627,3
5628,6
5629,7
5630,7
5631,2
5632,1
5633,5
5634,4
5635,4
5636,3
5637,6
5638,2
5639,3
5640,1
5641,4
5642,5
5643,7
5644,1
5645,6
5646,7
5647,3
5648,6
5649,7
5650,1
5651,4
5652,4
5653,5
5654,2
5655,1
5656,3
5657,7
5658,6
5659,5
5660,2
5661,7
5662,6
5663,2
5664,3
5665,7
5666,5
5667,3
5668,7
5669,6
5670,5
5671,6
5672,5
5673,3
5674,4
5675,1
5676,4
5677,2
5678,1
5679,4
5680,2
5681,1
5682,3
5683,4
5684,5
5685,7
5686,7
5687,3
5688,4
5689,5
5690,2
5691,6
5692,1
5693,6
5694,7
5695,4
5696,3
5697,5
5698,1
5699,2
5700,7
5701,1
5702,2
5703,6
5704,4
5705,3
5706,5
5707,3
5708,7
5709,6
5710,4
5711,5
5712,2
5713,1
5714,3
5715,2
5716,4
5717,5
5718,7
5719,1
5720,6
5721,7
5722,1
5723,2
5724,3
5725,5
5726,4
5727,6
5728,1
5729,3
5730,5
5731,4
5732,3
5733,7
5734,5
5735,6
5736,2
5737,1
5738,6
5739,7
5740,4
5741,5
5742,2
5743,1
5744,3
5745,1
5746,6
5747,6
5748,7
5749,7
5750,5
5751,5
5752,3
5753,1
5754,2
5755,4
5756,3
5757,4
5758,2
5759,7
5760,6
5761,5
5762,6
5763,7
5764,7
5765,4
5766,6
5767,3
5768,7
5769,2
5770,7
5771,1
5772,6
5773,3
5774,4
5775,2
5776,5
5777,2
5778,5
5779,2
5780,1
5781,5
5782,2
5783,1
5784,5
5785,5
5786,1
5787,1
5788,1
5789,5
5790,3
5791,3
5792,7
5793,5
5794,7
5795,3
5796,4
5797,1
5798,2
5799,2
5800,1
5801,2
5802,5
5803,6
5804,1
5805,7
5806,2
5807,3
5808,1
5809,4
5810,3
5811,6
5812,6
5813,2
5814,1
5815,1
5816,7
5817,2
5818,5
5819,3
5820,5
5821,4
5822,2
5823,7
5824,5
5825,6
5826,4
5827,2
5828,1
5829,4
5830,3
5831,5
5832,2
5833,3
5834,1
5835,5
5836,3
5837,4
5838,1
5839,3
5840,4
5841,5
5842,7
5843,7
5844,1
5845,6
5846,2
5847,5
5848,7
5849,7
5850,7
5851,4
5852,6
5853,1
5854,2
5855,3
5856,5
5857,4
5858,5
5859,2
5860,1
5861,6
5862,7
5863,7
5864,4
5865,3
5866,5
5867,7
5868,6
5869,7
5870,1
5871,4
5872,6
5873,2
5874,1
5875,3
5876,7
5877,4
5878,7
5879,3
5880,5
5881,6
5882,5
5883,2
5884,6
5885,5
5886,3
5887,1
5888,4
5889,2
5890,6
5891,1
5892,7
5893,2
5894,5
5895,7
5896,3
5897,7
5898,5
5899,2
5900,4
5901,1
5902,6
5903,3
5904,5
5905,7
5906,1
5907,7
5908,6
5909,4
5910,3
5911,2
5912,3
5913,6
5914,7
5915,7
5916,3
5917,5
5918,7
5919,6
5920,2
5921,5
5922,3
5923,6
5924,4
5925,2
5926,1
5927,5
6668,3
6669,2
6670,6
6671,4
6672,5
6673,7
6674,7
6675,7
6676,7
6677,5
6678,7
6679,5
6680,5
6681,5
6682,6
6683,5
6684,6
6685,5
6686,7
6687,7
6688,5
6689,6
6690,5
6691,5
6692,7
6693,2
6694,6
6695,3
6696,4
6697,6
6698,6
6699,6
6700,6
6701,6
6702,6
6703,3
6704,1
6705,2
6706,3
6707,1
6708,2
6709,3
6710,2
6711,2
6712,5
6713,7
6714,3
6715,2
6716,2
6717,4
6718,3
6719,3
6720,2
6721,7
6722,2
6723,7
6724,1
6725,6
6726,4
6727,6
6728,4
6729,1
6730,5
6731,6
6732,6
6733,6
6734,1
6735,2
6736,2
6737,1
6738,2
6739,1
6740,2
6741,1
6742,7
6743,7
6744,2
6745,3
6746,1
6747,1
6748,3
6749,2
6750,7
6751,6
6752,4
6753,6
6754,4
6755,7
6756,7
6757,7
6758,7
6759,7
6760,2
6761,1
6762,2
6763,3
6764,1
6765,3
6766,1
6767,2
6768,2
6769,7
6770,2
6771,7
6772,2
6773,7
6774,5
6775,5
6776,5
6777,7
6778,7
6779,1
6780,1
6781,1
6782,3
6783,1
6784,1
6785,3
6786,2
6787,3
6788,2
6789,1
6790,1
6791,7
6792,3
6793,6
6794,5
6795,6
6796,2
6797,3
6798,4
6799,3
6800,5
6801,1
6802,1
6803,7
6804,5
6805,6
6806,6
6807,6
6808,7
6809,6
6810,6
6811,1
6812,3
6813,4
6814,2
6815,6
6816,7
6817,7
6818,6
6819,7
6820,6
6821,3
6822,1
6823,4
6824,3
6825,4
6826,3
6827,1
6828,2
6829,1
6830,4
6831,5
6832,5
6833,6
6834,7
6835,3
6836,1
6837,2
6838,4
6839,7
6840,6
6841,5
6842,7
6843,7
6844,6
6845,4
6846,5
6847,5
6848,6
6849,4
6850,2
6851,3
6852,1
6853,2
6854,3
6855,1
6856,6
6857,5
6858,7
6859,7
6860,5
6861,6
6862,2
6863,1
6864,2
6865,1
6866,1
6867,5
6868,1
6869,3
6870,2
6871,3
6872,2
6873,3
6874,3
6875,3
6876,3
6877,2
6878,3
6879,2
6880,2
6881,1
6882,3
6883,3
6884,2
6885,3
6886,2
6887,6
6888,6
6889,6
6890,5
6891,6
6892,7
6893,6
6894,7
6895,5
6896,6
6897,5
6898,5
6899,7
6900,6
6901,5
6902,6
6903,5
6904,7
6905,5
6906,6
6907,5
6908,7
6909,7
6910,6
6911,5
6912,6
6913,7
6914,3
6915,2
6916,1
6917,7
6918,1
6919,3
6920,6
6921,2
6922,1
6923,3
6924,7
6925,2
6926,5
6927,4
6928,6
6929,4
6930,5
6931,1
6932,1
6933,2
6934,7
6935,2
6936,5
6937,4
6938,5
6939,6
6940,4
6941,6
6942,7
6943,5
6944,7
6945,4
6946,6
6947,6
6948,4
6949,6
6950,5
6951,1
6952,3
6953,2
6954,2
6955,5
6956,3
6957,4
6958,7
6959,1
6960,1
6961,3
6962,6
6963,5
6964,5
6965,7
6966,5
6967,1
6968,2
6969,7
6970,3
6971,4
6972,5
6973,6
6974,1
6975,3
6976,2
6977,7
6978,1
6979,1
6980,4
6981,6
6982,5
6983,7
6984,5
6985,6
6986,6
6987,5
6988,7
6989,5
6990,5
6991,5
6992,6
6993,7
6994,7
6995,5
6996,5
6997,7
6998,6
6999,7
7000,7
7001,5
7002,7
7003,7
7004,7
7005,7
7006,6
7007,6
7008,3
7009,1
7010,7
7011,5
7012,6
7013,4
7014,2
7015,5
7016,7
7017,4
7018,6
7019,2
7020,3
7021,3
7022,1
7023,3
7024,4
7025,6
7026,3
7027,6
7028,5
7029,5
7030,6
7031,5
7032,5
7033,6
7034,6
7035,6
7036,5
7037,6
7038,6
7039,5
7040,7
7041,4
7042,7
7043,7
7044,4
7045,6
7046,1
7047,4
7048,2
7049,3
7050,2
7051,3
7052,6
7053,3
7054,4
7055,3
7056,1
7057,2
7058,1
7059,4
7060,2
7061,3
7062,2
7063,5
7064,4
7065,6
7066,2
7067,1
7068,3
7069,7
7070,4
7071,1
7072,3
7073,6
7074,7
7075,2
7076,7
7077,6
7078,7
7079,1
7080,7
7081,3
7082,2
7083,6
7084,7
7085,2
7086,2
7087,3
7088,4
7089,3
7090,1
7091,2
7092,4
7093,3
7094,6
7095,5
7096,2
7097,3
7098,4
7099,3
7100,6
7101,7
7102,6
7103,5
7104,3
7105,2
7106,1
7107,5
7108,1
7109,3
7110,7
7111,2
7112,1
7113,6
7114,7
7115,5
7116,4
7117,2
7118,6
7119,5
7120,4
7121,7
7122,2
7123,3
7124,3
7125,4
7126,6
7127,7
7128,7
7129,1
7130,4
7131,3
7132,6
7133,2
7134,7
7135,5
7136,5
7137,4
7138,6
7139,7
7140,3
7141,1
7142,2
7143,5
7144,5
7145,3
7146,1
7147,2
7148,2
7149,4
7150,1
7151,5
7152,2
7153,4
7154,3
7155,7
7156,6
7157,4
7158,7
7159,3
7160,2
7161,1
7162,5
7163,6
7164,2
7165,6
7166,7
7167,1
7168,4
7169,5
7170,6
7171,5
7172,7
7173,2
7174,4
7175,3
7176,3
7177,1
7178,5
7179,6
7180,2
7181,5
7182,5
7183,3
7184,4
7185,2
7186,7
7187,4
7188,1
7189,7
7190,6
7191,5
7192,7
7193,2
7194,6
7195,6
7196,6
7197,7
7198,5
7199,4
7200,7
7201,6
7202,7
7203,5
7204,4
7205,3
7206,4
7207,5
7208,3
7209,1
7210,1
7211,3
7212,6
7213,6
7214,5
7215,6
7216,4
7217,5
7218,4
7219,4
7220,5
7221,3
7222,3
7223,7
7224,2
7225,1
7226,3
7227,5
7228,2
7229,3
7230,7
7231,1
7232,5
7233,2
7234,2
7235,4
7236,5
7237,6
7238,1
7239,5
7240,2
7241,4
7242,1
7243,6
7244,3
7245,4
7246,2
7247,4
7248,2
7249,5
7250,1
7251,6
7252,1
7253,7
7254,7
7255,5
7256,3
7257,6
7258,3
7259,4
7260,2
7261,3
7262,1
7263,2
7264,3
7265,4
7266,5
7267,7
7268,6
7269,1
7270,3
7271,2
7272,2
7273,3
7274,4
7275,5
7276,5
7277,4
7278,7
7279,7
7280,1
7281,1
7282,6
7283,6
7284,7
7285,6
7286,7
7287,6
7288,5
7289,4
7290,6
7291,5
7292,6
7293,7
7294,5
7295,3
7296,4
7297,6
7298,6
7299,5
7300,3
7301,7
7302,1
7303,5
7304,3
7305,6
7306,7
7307,2
7308,5
7309,6
7310,4
7311,3
7312,7
7313,7
7314,7
7315,7
7316,7
7317,5
7318,6
7319,6
7320,5
7321,5
7322,6
7323,5
7324,5
7325,5
7326,7
7327,6
7328,7
7329,7
7330,6
7331,7
7332,6
7333,7
7334,7
7335,3
7336,4
7337,6
7338,7
7339,5
7340,2
7341,4
7342,5
7343,1
7344,3
7345,4
7346,2
7347,1
7348,1
7349,5
7350,3
7351,2
7352,6
7353,6
7354,6
7355,6
7356,5
7357,7
7358,1
7359,1
7360,1
7361,4
7362,4
7363,7
7364,7
7365,7
7366,7
7367,7
7368,7
7369,6
7370,5
7371,6
7372,1
7373,2
7374,7
7375,7
7376,6
7377,1
7378,4
7379,5
7380,6
7381,7
7382,3
7383,1
7384,2
7385,2
7386,2
7387,7
7388,3
7389,3
7390,1
7391,3
7392,7
7393,1
7394,7
7395,7
7396,1
7397,3
7398,7
7399,3
7400,3
7401,1
7402,3
7403,2
7404,7
7405,1
7406,1
7407,2
7408,7
7409,3
7410,7
7411,1
7412,3
7413,2
7414,3
7415,7
7416,1
7417,2
7418,4
7419,5
7420,6
7421,4
7422,5
7423,6
7424,6
7425,5
7426,6
7427,5
7428,5
7429,6
7430,5
7431,6
7432,5
7433,6
7434,6
7435,4
7436,1
7437,3
7438,3
7439,1
7440,4
7441,2
7442,7
7443,3
7444,4
7445,2
7446,1
7447,3
7448,1
7449,7
7450,2
7451,4
7452,7
7453,5
7454,2
7455,4
7456,4
7457,6
7458,7
7459,5
7460,6
7461,6
7462,7
7463,5
7464,5
7465,6
7466,2
7467,1
7468,2
7469,1
7470,2
7471,4
7472,2
7473,3
7474,1
7475,3
7476,2
7477,7
7478,3
7479,1
7480,2
7481,1
7482,7
7483,3
7484,2
7485,4
7486,4
7487,6
7488,5
7489,5
7490,6
7491,7
7492,5
7493,7
7494,6
7495,5
7496,5
7497,7
7498,5
7499,7
7500,5
7501,6
7502,7
7503,5
7504,7
7505,6
7506,7
7507,7
7508,5
7509,6
7510,7
7511,7
7512,6
7513,5
7514,6
7515,5
7516,5
7517,6
7518,5
7519,5
7520,5
7521,5
7522,5
7523,5
7524,5
7525,3
7526,1
7527,2
7528,4
7529,2
7530,5
7531,5
7532,5
7533,6
7534,6
7535,5
7536,6
7537,5
7538,6
7539,6
7540,6
7541,3
7542,3
7543,3
7544,7
7545,2
7546,1
7547,6
7548,2
7549,3
7550,2
7551,3
7552,2
7553,2
7554,3
7555,1
7556,2
7557,2
7558,5
7559,2
7560,3
7561,3
7562,1
7563,1
7564,1
7565,2
7566,7
7567,7
7568,7
7569,7
7570,6
7571,6
7572,6
7573,6
7574,5
7575,2
7576,4
7577,2
7578,2
7579,4
7580,4
7581,2
7582,4
7583,4
7584,5
7585,5
7586,5
7587,7
7588,7
7589,7
7590,7
7591,3
7592,2
7593,2
7594,4
7595,6
7596,7
7597,7
7598,6
7599,6
7600,7
7601,6
7602,7
7603,7
7604,7
7605,7
7606,7
7607,7
7608,2
7609,2
7610,5
7611,4
7612,6
7613,4
7614,6
7615,3
7616,1
7617,4
7618,3
7619,1
7620,3
7621,6
7622,4
7623,1
7624,3
7625,7
7626,7
7627,6
7628,6
7629,6
7630,6
7631,7
7632,5
7633,6
7634,7
7635,6
7636,7
7637,6
7638,6
7639,6
7640,7
7641,5
7642,6
7643,1
7644,1
7645,3
7646,3
7647,7
7648,2
7649,1
7650,2
7651,4
7652,3
7653,7
7654,6
7655,6
7656,6
7657,6
7658,6
7659,3
7660,3
7661,2
7662,3
7663,3
7664,2
7665,3
7666,5
7667,5
7668,1
7669,4
7670,3
7671,3
7672,6
7673,2
7674,5
7675,7
7676,4
7677,2
7678,3
7679,1
7680,6
7681,5
7682,6
7683,6
7684,7
7685,1
7686,3
7687,4
7688,5
7689,5
7690,4
7691,1
7692,4
7693,3
7694,2
7695,1
7696,2
7697,5
7698,7
7699,3
7700,6
7701,2
7702,5
7703,5
7704,5
7705,6
7706,5
7707,3
7708,4
7709,6
7710,6
7711,7
7712,5
7713,3
7714,4
7715,4
7716,1
7717,6
7718,5
7719,4
7720,1
7721,7
7722,1
7723,7
7724,1
7725,4
7726,7
7727,6
7728,6
7729,3
7730,1
7731,2
7732,1
7733,4
7734,7
7735,7
7736,7
7737,7
7738,7
7739,5
7740,6
7741,6
7742,5
7743,6
7744,5
7745,6
7746,4
7747,6
7748,7
7749,7
7750,7
7751,2
7752,1
7753,7
7754,1
7755,3
7756,6
7757,5
7758,5
7759,6
7760,4
7761,1
7762,3
7763,1
7764,7
7765,3
7766,2
7767,2
7768,7
7769,6
7770,5
7771,5
7772,6
7773,4
7774,1
7775,2
7776,3
7777,5
7778,6
7779,7
7780,4
7781,2
7782,1
7783,6
7784,5
7785,7
7786,5
7787,6
7788,6
7789,5
7790,6
7791,5
7792,6
7793,6
7794,6
7795,5
7796,6
7797,6
7798,7
7799,5
7800,6
7801,3
7802,1
7803,3
7804,4
7805,5
7806,7
7807,6
7808,7
7809,7
7810,2
7811,6
7812,1
7813,1
7814,3
7815,1
7816,4
7817,2
7818,2
7819,4
7820,7
7821,1
7822,7
7823,3
7824,2
7825,2
7826,3
7827,1
7828,4
7829,4
7830,6
7831,5
7832,6
7833,5
7834,6
7835,6
7836,5
7837,5
7838,5
7839,5
7840,5
7841,7
7842,6
7843,6
7844,5
7845,5
7846,6
7847,1
7848,4
7849,1
7850,4
7851,6
7852,5
7853,4
7854,2
7855,2
7856,2
7857,4
7858,3
7859,2
7860,2
7861,2
7862,2
7863,2
7864,1
7865,2
7866,3
7867,1
7868,2
7869,1
7870,3
7871,2
7872,3
7873,1
7874,3
7875,1
7876,2
7877,3
7878,1
7879,3
7880,1
7881,2
7882,1
7883,2
7884,6
7885,6
7886,5
7887,5
7888,5
7889,6
7890,5
7891,5
7892,6
7893,5
7894,6
7895,7
7896,6
7897,5
7898,5
7899,6
7900,5
7901,6
7902,5
7903,6
7904,6
7905,2
7906,2
7907,1
7908,2
7909,7
7910,1
7911,3
7912,2
7913,7
7914,7
7915,7
7916,5
7917,6
7918,7
7919,5
7920,5
7921,6
7922,6
7923,5
7924,6
7925,2
7926,1
7927,4
7928,3
7929,1
7930,4
7931,3
7932,2
7933,4
7934,7
7935,7
7936,6
7937,3
7938,6
7939,4
7940,4
7941,2
7942,6
7943,3
7944,2
7945,1
7946,1
7947,2
7948,5
7949,7
7950,3
7951,4
7952,5
7953,5
7954,7
7955,5
7956,6
7957,5
7958,5
7959,7
7960,7
7961,5
7962,6
7963,4
7964,5
7965,2
7966,3
7967,4
7968,7
7969,6
7970,7
7971,1
7972,3
7973,4
7974,3
7975,1
7976,2
7977,5
7978,6
7979,7
7980,5
7981,3
7982,2
7983,4
7984,7
7985,6
7986,3
7987,5
7988,7
7989,5
7990,1
7991,6
7992,4
7993,3
7994,2
7995,6
7996,1
7997,1
7998,3
7999,4
8000,1
8001,3
8002,1
8003,6
8004,2
8005,2
8006,2
8007,7
8008,7
8009,3
8010,7
8011,4
8012,6
8013,3
8014,5
8015,3
8016,2
8017,2
8018,4
8019,2
8020,3
8021,3
8022,4
8023,2
8024,2
8025,7
8026,1
8027,1
8028,1
8029,4
8030,1
8031,1
8032,1
8033,3
8034,5
8035,5
8036,5
8037,2
8038,5
8039,5
8040,7
8041,2
8042,5
8043,2
8044,2
8045,4
8046,7
8047,3
8048,3
8049,3
8050,3
8051,1
8052,7
8053,5
8054,4
8055,6
8056,3
8057,3
8058,2
8059,1
8060,2
8061,1
8062,5
8063,3
8064,3
8065,3
8066,4
8067,1
8068,4
8069,3
8070,2
8071,3
8072,2
8073,4
8074,2
8075,1
8076,4
8077,2
8078,3
8079,3
8080,3
8081,4
8082,1
8083,6
8084,3
8085,7
8086,7
8087,3
8088,2
8089,3
8090,2
8091,2
8092,3
8093,1
8094,2
8095,7
8096,2
8097,1
8098,1
8099,1
8100,2
8101,1
8102,2
8103,2
8104,2
8105,1
8106,1
8107,2
8108,2
8109,1
8110,5
8111,4
8112,5
8113,1
8114,1
8115,1
8116,1
8117,2
8118,4
8119,5
8120,7
8121,2
8122,6
8123,4
8124,6
8125,3
8126,3
8127,5
8128,3
8129,2
8130,2
8131,4
8132,5
8133,6
8134,3
8135,3
8136,1
8137,3
8138,1
8139,5
8140,3
8141,4
8142,4
8143,2
8144,2
8145,2
8146,1
8147,1
8148,1
8149,3
8150,1
8151,3
8152,4
8153,4
8154,4
8155,4
8156,4
8157,4
8158,1
8159,1
8160,3
8161,3
8162,4
8163,1
8164,4
8165,5
8166,4
8167,3
8168,1
8169,2
8170,2
8171,3
8172,1
8173,2
8174,2
8175,2
8176,2
8177,3
8178,3
8179,3
8180,3
8181,2
8182,4
8183,2
8184,1
8185,1
8186,3
8187,2
8188,3
8189,2
8190,1
8191,7
8192,1
8193,5
8194,4
8195,7
8196,4
8197,6
8198,1
8199,3
8200,1
8201,2
8202,4
8203,3
8204,2
8205,2
8206,1
8207,3
8208,4
8209,5
8210,6
8211,3
8212,2
8213,4
8214,2
8215,4
8216,7
8217,6
8218,1
8219,5
8220,2
8221,6
8222,1
8223,2
8224,3
8225,5
8226,2
8227,3
8228,4
8229,3
8230,4
8231,4
8232,5
8233,2
8234,5
8235,6
8236,6
8237,4
8238,4
8239,3
8240,7
8241,7
8242,5
8243,2
8244,5
8245,3
8246,2
8247,5
8248,4
8249,5
8250,6
8251,3
8252,6
8253,1
8254,6
8255,1
8256,6
8257,2
8258,1
8259,4
8260,6
8261,5
8262,6
8263,1
8264,3
8265,3
8266,5
8267,7
8268,7
8269,7
8270,6
8271,4
8272,2
8273,1
8274,7
8275,5
8276,7
8277,2
8278,4
8279,6
8280,3
8281,1
8282,6
8283,7
8284,4
8285,2
8286,3
8287,2
8288,2
8289,2
8290,4
8291,2
8292,3
8293,7
8294,2
8295,5
8296,1
8297,3
8298,4
8299,2
8300,3
8301,2
8302,4
8303,3
8304,4
8305,4
8306,5
8307,1
8308,5
8309,5
8310,3
8311,2
8312,1
8313,2
8314,3
8315,2
8316,4
8317,1
8318,2
8319,1
8320,2
8321,5
8322,4
8323,5
8324,3
8325,1
8326,6
8327,5
8328,6
8329,6
8330,7
8331,7
8332,3
8333,6
8334,4
8335,7
8336,3
8337,3
8338,2
8339,3
8340,2
8341,2
8342,3
8343,3
8344,1
8345,4
8346,7
8347,2
8348,5
8349,5
8350,4
8351,3
8352,2
8353,2
8354,4
8355,5
8356,3
8357,2
8358,1
8359,2
8360,1
8361,4
8362,4
8363,2
8364,6
8365,6
8366,6
8367,7
8368,6
8369,4
8370,7
8371,3
8372,5
8373,6
8374,1
8375,2
8376,6
8377,4
8378,5
8379,1
8380,2
8381,6
8382,5
8383,4
8384,2
8385,7
8386,3
8387,4
8388,5
8389,1
8390,6
8391,5
8392,3
8393,1
8394,1
8395,7
8396,6
8397,5
8398,3
8399,4
8400,3
8401,5
8402,5
8403,4
8404,7
8405,1
8406,7
8407,7
8408,2
8409,2
8410,5
8411,5
8412,3
8413,2
8414,6
8415,6
8416,1
8417,7
8418,2
8419,4
8420,3
8421,5
8422,6
8423,2
8424,4
8425,5
8426,3
8427,1
8428,7
8429,6
8430,7
8431,5
8432,3
8433,3
8434,5
8435,3
8436,5
8437,7
8438,7
8439,1
8440,4
8441,6
8442,5
8443,4
8444,2
8445,7
8446,6
8447,4
8448,5
8449,2
8450,7
8451,4
8452,6
8453,2
8454,7
8455,4
8456,5
8457,4
8458,3
8459,6
8460,3
8461,4
8462,5
8463,6
8464,7
8465,2
8466,6
8467,4
8468,3
8469,5
8470,6
8471,1
8472,7
8473,2
8474,4
8475,7
8476,4
8477,3
8478,1
8479,2
8480,5
8481,7
8482,6
8483,3
8484,1
8485,5
8486,6
8487,6
8488,4
8489,4
8490,2
8491,4
8492,6
8493,5
8494,6
8495,2
8496,5
8497,6
8498,4
8499,4
8500,3
8501,5
8502,6
8503,4
8504,4
8505,3
8506,2
8507,4
8508,1
8509,6
8510,4
8511,6
8512,7
8513,3
8514,2
8515,1
8516,3
8517,7
8518,5
8519,4
8520,6
8521,2
8522,6
8523,2
8524,4
8525,5
8526,3
8527,1
8528,1
8529,3
8530,5
8531,3
8532,4
8533,7
8534,1
8535,2
8536,6
8537,5
8538,6
8539,2
8540,5
8541,7
8542,2
8543,3
8544,5
8545,7
8546,5
8547,3
8548,4
8549,7
8550,2
8551,5
8552,7
8553,6
8554,3
8555,1
8556,4
8557,2
8558,4
8559,7
8560,2
8561,6
8562,4
8563,5
8564,3
8565,4
8566,6
8567,7
8568,1
8569,2
8570,7
8571,4
8572,7
8573,1
8574,7
8575,5
8576,4
8577,3
8578,6
8579,3
8580,6
8581,4
8582,7
8583,4
8584,3
8585,5
8586,7
8587,3
8588,1
8589,4
8590,6
8591,2
8592,5
8593,7
8594,3
8595,7
8596,6
8597,2
8598,4
8599,1
8600,2
8601,7
8602,3
8603,5
8604,4
8605,1
8606,2
8607,2
8608,4
8609,6
8610,6
8611,3
8612,7
8613,2
8614,7
8615,7
8616,4
8617,5
8618,7
8619,2
8620,4
8621,7
8622,3
8623,7
8624,1
8625,4
8626,5
8627,7
8628,6
8629,7
8630,2
8631,3
8632,5
8633,7
8634,7
8635,3
8636,5
8637,5
8638,4
8639,6
8640,4
8641,6
8642,2
8643,3
8644,3
8645,2
8646,1
8647,1
8648,5
8649,7
8650,7
8651,6
8652,5
8653,2
8654,7
8655,3
8656,6
8657,6
8658,7
8659,6
8660,7
8661,2
8662,2
8663,3
8664,5
8665,4
8666,4
8667,5
8668,2
8669,6
8670,4
8671,3
8672,3
8673,1
8674,5
8675,5
8676,3
8677,6
8678,7
8679,1
8680,7
8681,3
8682,7
8683,1
8684,4
8685,1
8686,2
8687,5
8688,6
8689,6
8690,2
8691,6
8692,5
8693,2
8694,6
8695,4
8696,7
8697,1
8698,4
8699,4
8700,7
8701,2
8702,5
8703,5
8704,6
8705,2
8706,3
8707,3
8708,2
8709,3
8710,6
8711,5
8712,1
8713,4
8714,7
8715,3
8716,2
8717,1
8718,1
8719,5
8720,2
8721,5
8722,1
8723,6
8724,3
8725,4
8726,7
8727,4
8728,6
8729,5
8730,7
8731,2
8732,1
8733,3
8734,2
8735,4
8736,7
8737,7
8738,5
8739,5
8740,5
8741,3
8742,4
8743,5
8744,2
8745,2
8746,4
8747,2
8748,2
8749,2
8750,3
8751,2
8752,4
8753,2
8754,4
8755,2
8756,3
8757,2
8758,5
8759,4
8760,1
8761,6
8762,6
8763,6
8764,6
8765,6
8766,6
8767,6
8768,6
8769,2
8770,2
8771,3
8772,3
8773,5
8774,5
8775,7
8776,7
8777,5
8778,5
8779,3
8780,5
8781,6
8782,5
8783,7
8784,5
8785,2
8786,3
8787,4
8788,7
8789,7
8790,3
8791,5
8792,2
8793,6
8794,4
8795,2
8796,3
8797,7
8798,7
8799,4
8800,5
8801,6
8802,7
8803,3
8804,7
8805,4
8806,4
8807,5
8808,5
8809,5
8810,1
8811,1
8812,3
8813,6
8814,1
8815,4
8816,6
8817,5
8818,1
8819,1
8820,7
8821,1
8822,4
8823,4
8824,7
8825,6
8826,6
8827,5
8828,5
8829,3
8830,6
8831,7
8832,5
8833,1
8834,5
8835,1
8836,2
8837,5
8838,4
8839,6
8840,6
8841,1
8842,2
8843,1
8844,2
8845,4
8846,3
8847,6
8848,7
8849,6
8850,6
8851,4
8852,5
8853,4
8854,1
8855,7
8856,4
8857,7
8858,7
8859,6
8860,3
8861,2
8862,5
8863,6
8864,2
8865,1
8866,3
8867,4
8868,1
8869,1
8870,3
8871,2
8872,4
8873,6
8874,1
8875,5
8876,3
8877,5
8878,5
8879,7
8880,5
8881,7
8882,5
8883,7
8884,3
8885,3
8886,6
8887,2
8888,5
8889,3
8890,5
8891,5
8892,6
8893,3
8894,6
8895,5
8896,7
8897,3
8898,7
8899,6
8900,5
8901,5
8902,6
8903,4
8904,1
8905,4
8906,1
8907,6
8908,5
8909,5
8910,5
8911,5
8912,3
8913,7
8914,1
8915,5
8916,7
8917,6
8918,3
8919,5
8920,5
8921,4
8922,4
8923,7
8924,4
8925,6
8926,4
8927,7
8928,7
8929,5
8930,6
8931,6
8932,4
8933,6
8934,4
8935,5
8936,6
8937,3
8938,6
8939,4
8940,3
8941,1
8942,5
8943,6
8944,5
8945,6
8946,4
8947,3
8948,5
8949,2
8950,7
8951,7
8952,7
8953,4
8954,6
8955,2
8956,1
8957,4
8958,3
8959,1
8960,2
8961,1
8962,3
8963,6
8964,7
8965,5
8966,7
8967,6
8968,6
8969,2
8970,6
8971,3
8972,4
8973,7
8974,5
8975,6
8976,3
8977,2
8978,7
8979,5
8980,6
8981,7
8982,2
8983,1
8984,3
8985,2
8986,4
8987,1
8988,5
8989,7
8990,7
8991,1
8992,4
8993,6
8994,7
8995,1
8996,3
8997,2
8998,2
8999,6
9000,2
9001,2
9002,2
9003,1
9004,1
9005,3
9006,4
9007,2
9008,6
9009,5
9010,1
9011,7
9012,5
9013,6
9014,1
9015,4
9016,7
9017,2
9018,3
9019,1
9020,2
9021,6
9022,6
9023,4
9024,1
9025,2
9026,7
9027,5
9028,3
9029,3
9030,1
9031,2
9032,5
9033,6
9034,4
9035,7
9036,3
9037,1
9038,2
9039,2
9040,2
9041,2
9042,2
9043,2
9044,3
9045,3
9046,1
9047,1
9048,1
9049,1
9050,2
9051,2
9052,2
9053,4
9054,5
9055,1
9056,4
9057,1
9058,2
9059,2
9060,5
9061,1
9062,1
9063,4
9064,1
9065,1
9066,2
9067,2
9068,2
9069,7
9070,7
9071,7
9072,7
9073,7
9074,7
9075,7
9076,3
9077,5
9078,5
9079,5
9080,1
9081,3
9082,4
9083,1
9084,1
9085,1
9086,4
9087,3
9088,5
9089,1
9090,1
9091,1
9092,2
9093,3
9094,2
9095,1
9096,2
9097,2
9098,1
9099,5
9100,1
9101,2
9102,3
9103,5
9104,4
9105,1
9106,2
9107,1
9108,4
9109,2
9110,2
9111,4
9112,3
9113,4
9114,5
9115,3
9116,7
9117,7
9118,1
9119,6
9120,6
9121,5
9122,1
9123,6
9124,4
9125,7
9126,3
9127,5
9128,1
9129,2
9130,6
9131,2
9132,1
9133,1
9134,4
9135,3
9136,5
9137,6
9138,5
9139,2
9140,7
9141,4
9142,4
9143,5
9144,7
9145,7
9146,1
9147,5
9148,7
9149,6
9150,2
9151,1
9152,2
9153,5
9154,7
9155,1
9156,6
9157,2
9158,1
9159,2
9160,2
9161,2
9162,1
9163,2
9164,2
9165,1
9166,2
9167,6
9168,6
9169,1
9170,5
9171,2
9172,3
9173,3
9174,4
9175,3
9176,7
9177,3
9178,6
9179,7
9180,2
9181,5
9182,4
9183,7
9184,5
9185,6
9186,4
9187,2
9188,3
9189,1
9190,1
9191,2
9192,1
9193,1
9194,6
9195,5
9196,5
9197,4
9198,5
9199,2
9200,2
9201,2
9202,3
9203,4
9204,1
9205,5
9206,2
9207,7
9208,6
9209,2
9210,4
9211,5
9212,5
9213,2
9214,3
9215,7
9216,2
9217,1
9218,2
9219,3
9220,6
9221,4
9222,1
9223,3
9224,6
9225,5
9226,1
9227,3
9228,1
9229,7
9230,3
9231,2
9232,7
9233,6
9234,6
9235,5
9236,5
9237,6
9238,7
9239,5
9240,6
9241,6
9242,5
9243,7
9244,3
9245,2
9246,4
9247,1
9248,6
9249,5
9250,6
9251,5
9252,6
9253,6
9254,4
9255,3
9256,7
9257,3
9258,5
9259,2
9260,1
9261,5
9262,6
9263,3
9264,2
9265,4
9266,1
9267,2
9268,3
9269,7
9270,4
9271,5
9272,3
9273,2
9274,1
9275,6
9276,1
9277,2
9278,5
9279,7
9280,4
9281,3
9282,6
9283,7
9284,6
9285,7
9286,7
9287,6
9288,5
9289,5
9290,5
9291,5
9292,5
9293,7
9294,6
9295,7
9296,6
9297,6
9298,7
9299,7
9300,7
9301,2
9302,1
9303,1
9304,7
9305,2
9306,2
9307,1
9308,2
9309,7
9310,1
9311,1
9312,2
9313,1
9314,1
9315,1
9316,2
9317,2
9318,2
9319,1
9320,3
9321,7
9322,7
9323,7
9324,3
9325,3
9326,7
9327,2
9328,3
9329,2
9330,5
9331,6
9332,7
9333,6
9334,5
9335,2
9336,1
9337,3
9338,3
9339,2
9340,7
9341,2
9342,3
9343,1
9344,7
9345,3
9346,2
9347,1
9348,7
9349,1
9350,7
9351,7
9352,7
9353,6
9354,5
9355,5
9356,6
9357,6
9358,7
9359,5
9360,6
9361,3
9362,2
9363,1
9364,3
9365,1
9366,2
9367,3
9368,2
9369,4
9370,4
9371,4
9372,5
9373,6
9374,6
9375,5
9376,7
9377,5
9378,7
9379,6
9380,7
9381,6
9382,7
9383,3
9384,2
9385,1
9386,3
9387,3
9388,4
9389,1
9390,7
9391,3
9392,1
9393,3
9394,1
9395,6
9396,6
9397,7
9398,2
9399,3
9400,6
9401,5
9402,1
9403,4
9404,7
9405,7
9406,6
9407,5
9408,6
9409,5
9410,6
9411,5
9412,7
9413,4
9414,1
9415,2
9416,3
9417,1
9418,3
9419,1
9420,3
9421,4
9422,2
9423,4
9424,2
9425,7
9426,5
9427,7
9428,5
9429,3
9430,3
9431,6
9432,6
9433,1
9434,1
9435,6
9436,7
9437,2
9438,1
9439,1
9440,5
9441,2
9442,5
9443,5
9444,1
9445,6
9446,1
9447,2
9448,5
9449,6
9450,5
9451,1
9452,6
9453,7
9454,6
9455,4
9456,5
9457,7
9458,3
9459,2
9460,1
9461,6
9462,3
9463,2
9464,3
9465,2
9466,4
9467,1
9468,1
9469,4
9470,2
9471,5
9472,5
9473,1
9474,2
9475,2
9476,3
9477,7
9478,7
9479,7
9480,5
9481,5
9482,6
9483,5
9484,5
9485,6
9486,7
9487,6
9488,5
9489,5
9490,6
9491,6
9492,6
9493,6
9494,5
9495,5
9496,6
9497,4
9498,2
9499,4
9500,1
9501,1
9502,7
9503,7
9504,7
9505,7
9506,6
9507,6
9508,7
9509,6
9510,7
9511,7
9512,6
9513,7
9514,6
9515,3
9516,2
9517,1
9518,5
9519,3
9520,2
9521,4
9522,1
9523,4
9524,3
9525,3
9526,1
9527,5
9528,7
9529,7
9530,5
9531,6
9532,7
9533,6
9534,6
9535,5
9536,6
9537,5
9538,7
9539,7
9540,7
9541,6
9542,5
9543,5
9544,6
9545,6
9546,7
9547,6
9548,7
9549,7
9550,6
9551,5
9552,7
9553,1
9554,3
9555,7
9556,6
9557,1
9558,6
9559,6
9560,2
9561,2
9562,7
9563,7
9564,6
9565,2
9566,7
9567,7
9568,6
9569,6
9570,2
9571,3
9572,4
9573,3
9574,7
9575,3
9576,5
9577,6
9578,6
9579,6
9580,7
9581,7
9582,2
9583,5
9584,2
9585,4
9586,3
9587,4
9588,7
9589,5
9590,6
9591,4
9592,1
9593,6
9594,7
9595,3
9596,2
9597,3
9598,4
9599,5
9600,4
9601,7
9602,2
9603,3
9604,1
9605,1
9606,2
9607,1
9608,2
9609,6
9610,6
9611,3
9612,4
9613,5
9614,4
9615,6
9616,6
9617,4
9618,7
9619,1
9620,3
9621,4
9622,7
9623,4
9624,3
9625,4
9626,5
9627,3
9628,5
9629,7
9630,7
9631,3
9632,6
9633,1
9634,1
9635,2
9636,3
9637,1
9638,2
9639,3
9640,4
9641,4
9642,3
9643,4
9644,2
9645,1
9646,6
9647,5
9648,4
9649,2
9650,7
9651,6
9652,3
9653,7
9654,7
9655,7
9656,5
9657,5
9658,2
9659,2
9660,3
9661,4
9662,4
9663,4
9664,3
9665,5
9666,5
9667,2
9668,1
9669,6
9670,5
9671,4
9672,4
9673,5
9674,6
9675,7
9676,6
9677,6
9678,7
9679,7
9680,2
9681,1
9682,3
9683,2
9684,3
9685,1
9686,1
9687,4
9688,1
9689,4
9690,7
9691,2
9692,3
9693,2
9694,4
9695,1
9696,4
9697,6
9698,1
9699,5
9700,5
9701,6
9702,2
9703,6
9704,4
9705,6
9706,5
9707,1
9708,4
9709,2
9710,6
9711,6
9712,5
9713,4
9714,4
9715,4
9716,7
9717,5
9718,6
9719,4
9720,5
9721,3
9722,6
9723,3
9724,5
9725,5
9726,3
9727,6
9728,5
9729,3
9730,3
9731,5
9732,3
9733,5
9734,3
9735,4
9736,1
9737,1
9738,1
9739,2
9740,1
9741,2
9742,7
9743,7
9744,6
9745,6
9746,7
9747,5
9748,7
9749,6
9750,6
9751,6
9752,5
9753,7
9754,5
9755,1
9756,5
9757,5
9758,7
9759,5
9760,7
9761,5
9762,7
9763,4
9764,1
9765,6
9766,2
9767,5
9768,7
9769,2
9770,7
9771,4
9772,1
9773,3
9774,5
9775,3
9776,3
9777,5
9778,1
9779,2
9780,2
9781,1
9782,3
9783,4
9784,4
9785,7
9786,6
9787,3
9788,1
9789,2
9790,5
9791,7
9792,1
9793,2
9794,3
9795,3
9796,6
9797,7
9798,5
9799,3
9800,4
9801,2
9802,6
9803,3
9804,6
9805,7
9806,5
9807,3
9808,4
9809,5
9810,4
9811,6
9812,2
9813,3
9814,5
9815,6
9816,4
9817,7
9818,1
9819,1
9820,1
9821,2
9822,6
9823,3
9824,6
9825,1
9826,4
9827,2
9828,7
9829,1
9830,3
9831,4
9832,7
9833,3
9834,2
9835,4
9836,3
9837,5
9838,3
9839,6
9840,2
9841,5
9842,7
9843,5
9844,4
9845,1
9846,3
9847,6
9848,7
9849,1
9850,4
9851,3
9852,5
9853,2
9854,4
9855,5
9856,3
9857,4
9858,7
9859,3
9860,2
9861,1
9862,5
9863,1
9864,4
9865,1
9866,4
9867,1
9868,2
9869,6
9870,1
9871,7
9872,2
9873,7
9874,3
9875,3
9876,3
9877,5
9878,6
9879,1
9880,1
9881,5
9882,3
9883,5
9884,2
9885,1
9886,3
9887,6
9888,2
9889,4
9890,4
9891,1
9892,2
9893,1
9894,3
9895,1
9896,2
9897,1
9898,2
9899,2
9900,6
9901,1
9902,6
9903,1
9904,1
9905,2
9906,7
9907,2
9908,2
9909,3
9910,2
9911,2
9912,7
9913,6
9914,2
9915,3
9916,7
9917,3
9918,6
9919,1
9920,7
9921,2
9922,4
9923,5
9924,1
9925,4
9926,3
9927,3
9928,3
9929,2
9930,1
9931,4
9932,4
9933,1
9934,3
9935,7
9936,2
9937,5
9938,2
9939,4
9940,3
9941,5
9942,6
9943,1
9944,7
9945,1
9946,4
9947,7
9948,3
9949,6
9950,3
9951,2
9952,4
9953,1
9954,4
9955,7
9956,1
9957,7
9958,3
9959,3
9960,6
9961,6
9962,5
9963,5
9964,4
9965,2
9966,2
9967,2
9968,4
9969,3
9970,6
9971,5
9972,1
9973,7
9974,1
9975,3
9976,4
9977,2
9978,5
9979,7
9980,3
9981,4
9982,3
9983,3
9984,4
9985,4
9986,3
9987,5
9988,5
9989,1
9990,1
9991,4
9992,2
9993,4
9994,3
9995,6
9996,5
9997,5
9998,5
9999,6
10000,6
10001,6
10002,1
10003,2
10004,2
10005,1
10006,4
10007,5
10008,7
10009,2
10010,3
10011,6
10012,5
10013,2
10014,1
10015,4
10016,2
10017,1
10018,5
10019,3
10020,4
10021,1
10022,6
10023,4
10024,2
10025,2
10026,3
10027,1
10028,1
10029,2
10030,1
10031,3
10032,5
10033,6
10034,3
10035,3
10036,1
10037,6
10038,6
10039,1
10040,2
10041,2
10042,3
10043,6
10044,5
10045,3
10046,1
10047,4
10048,1
10049,5
10050,4
10051,3
10052,4
10053,5
10054,3
10055,7
10056,2
10057,7
10058,6
10059,5
10060,6
10061,1
10062,2
10063,1
10064,7
10065,3
10066,4
10067,7
10068,1
10069,2
10070,3
10071,5
10072,6
10073,2
10074,3
10075,2
10076,1
10077,1
10078,3
10079,4
10080,5
10081,3
10082,1
10083,2
10084,6
10085,5
10086,5
10087,6
10088,6
10089,4
10090,2
10091,2
10092,2
10093,2
10094,5
10095,3
10096,1
10097,3
10098,3
10099,4
10100,2
10101,7
10102,5
10103,1
10104,6
10105,3
10106,2
10107,5
10108,7
10109,4
10110,1
10111,6
10112,4
10113,7
10114,5
10115,2
10116,3
10117,1
10118,6
10119,5
10120,7
10121,1
10122,2
10123,3
10124,1
10125,6
10126,7
10127,7
10128,5
10129,7
10130,1
10131,2
10132,3
10133,1
10134,2
10135,7
10136,4
10137,3
10138,2
10139,7
10140,4
10141,1
10142,3
10143,5
10144,6
10145,5
10146,6
10147,5
10148,6
10149,4
10150,6
10151,4
10152,7
10153,3
10154,2
10155,4
10156,7
10157,2
10158,3
10159,1
10160,1
10161,6
10162,5
10163,6
10164,5
10165,3
10166,2
10167,5
10168,1
10169,7
10170,6
10171,4
10172,5
10173,5
10174,3
10175,3
10176,4
10177,2
10178,6
10179,2
10180,3
10181,2
10182,5
10183,2
10184,2
10185,4
10186,3
10187,4
10188,5
10189,6
10190,2
10191,3
10192,3
10193,6
10194,1
10195,5
10196,6
10197,4
10198,7
10199,3
10200,3
10201,4
10202,2
10203,2
10204,4
10205,1
10206,3
10207,4
10208,2
10209,1
10210,6
10211,6
10212,6
10213,1
10214,7
10215,3
10216,6
10217,2
10218,4
10219,5
10220,7
10221,1
10222,1
10223,2
10224,4
10225,7
10226,5
10227,3
10228,1
10229,1
10230,2
10231,3
10232,2
10233,3
10234,2
10235,1
10236,1
10237,2
10238,3
10239,1
10240,5
10241,2
10242,3
10243,4
10244,4
10245,5
10246,3
10247,5
10248,4
10249,1
10250,5
10251,7
10252,2
10253,1
10254,4
10255,7
10256,6
10257,6
10258,5
10259,2
10260,3
10261,1
10262,1
10263,4
10264,6
10265,4
10266,6
10267,2
10268,6
10269,1
10270,4
10271,2
10272,1
10273,7
10274,1
10275,3
10276,2
10277,7
10278,6
10279,5
10280,5
10281,4
10282,6
10283,1
10284,7
10285,3
10286,5
10287,5
10288,3
10289,7
10290,3
10291,7
10292,2
10293,2
10294,5
10295,6
10296,1
10297,2
10298,3
10299,4
10300,3
10301,7
10302,7
10303,5
10304,6
10305,1
10306,3
10307,7
10308,2
10309,5
10310,1
10311,4
10312,3
10313,6
10314,2
10315,7
10316,5
10317,4
10318,2
10319,2
10320,1
10321,3
10322,4
10323,7
10324,5
10325,6
10326,6
10327,4
10328,5
10329,2
10330,7
10331,6
10332,1
10333,1
10334,3
10335,3
10336,1
10337,3
10338,5
10339,4
10340,2
10341,6
10342,7
10343,7
10344,1
10345,3
10346,2
10347,3
10348,6
10349,4
10350,5
10351,1
10352,4
10353,2
10354,5
10355,6
10356,7
10357,4
10358,4
10359,2
10360,7
10361,5
10362,3
10363,5
10364,6
10365,2
10366,6
10367,5
10368,7
10369,1
10370,3
10371,7
10372,3
10373,7
10374,1
10375,4
10376,1
10377,3
10378,1
10379,1
10380,4
10381,5
10382,5
10383,7
10384,2
10385,2
10386,2
10387,1
10388,1
10389,6
10390,4
10391,3
10392,6
10393,5
10394,3
10395,7
10396,7
10397,1
10398,2
10399,6
10400,7
10401,3
10402,5
10403,4
10404,1
10405,6
10406,1
10407,4
10408,1
10409,1
10410,3
10411,3
10412,2
10413,5
10414,6
10415,6
10416,5
10417,4
10418,6
10419,5
10420,2
10421,7
10422,7
10423,5
10424,5
10425,5
10426,3
10427,1
10428,3
10429,7
10430,2
10431,6
10432,1
10433,4
10434,2
10435,3
10436,2
10437,3
10438,2
10439,2
10440,3
10441,3
10442,5
10443,7
10444,4
10445,7
10446,3
10447,3
10448,7
10449,4
10450,4
10451,4
10452,7
10453,6
10454,6
10455,5
10456,5
10457,2
10458,4
10459,4
10460,3
10461,5
10462,5
10463,1
10464,4
10465,5
10466,3
10467,2
10468,4
10469,1
10470,2
10471,5
10472,7
10473,6
10474,6
10475,7
10476,3
10477,4
10478,2
10479,1
10480,1
10481,1
10482,7
10483,3
10484,2
10485,5
10486,6
10487,4
10488,6
10489,7
10490,5
10491,1
10492,7
10493,3
10494,5
10495,7
10496,3
10497,2
10498,5
10499,5
10500,4
10501,4
10502,5
10503,5
10504,3
10505,7
10506,5
10507,4
10508,6
10509,5
10510,7
10511,6
10512,4
10513,3
10514,4
10515,7
10516,1
10517,6
10518,3
10519,5
10520,2
10521,7
10522,6
10523,6
10524,7
10525,5
10526,7
10527,7
10528,6
10529,6
10530,5
10531,6
10532,3
10533,7
10534,4
10535,3
10536,7
10537,6
10538,6
10539,4
10540,5
10541,3
10542,1
10543,1
10544,7
10545,3
10546,4
10547,4
10548,2
10549,3
10550,4
10551,7
10552,5
10553,3
10554,7
10555,2
10556,7
10557,3
10558,6
10559,4
10560,7
10561,3
10562,5
10563,1
10564,2
10565,1
10566,1
10567,7
10568,3
10569,4
10570,5
10571,5
10572,4
10573,6
10574,4
10575,2
10576,3
10577,4
10578,6
10579,2
10580,7
10581,4
10582,6
10583,4
10584,2
10585,3
10586,7
10587,1
10588,6
10589,5
10590,7
10591,4
10592,6
10593,7
10594,3
10595,3
10596,6
10597,2
10598,3
10599,4
10600,1
10601,1
10602,4
10603,3
10604,7
10605,7
10606,2
10607,4
10608,2
10609,5
10610,5
10611,1
10612,7
10613,6
10614,5
10615,6
10616,1
10617,3
10618,7
10619,5
10620,2
10621,2
10622,3
10623,7
10624,1
10625,3
10626,6
10627,5
10628,1
10629,4
10630,5
10631,1
10632,3
10633,3
10634,4
10635,4
10636,5
10637,5
10638,2
10639,7
10640,2
10641,2
10642,2
10643,7
10644,7
10645,1
10646,2
10647,3
10648,7
10649,2
10650,4
10651,1
10652,6
10653,4
10654,3
10655,6
10656,4
10657,5
10658,7
10659,5
10660,4
10661,2
10662,3
10663,5
10664,4
10665,3
10666,6
10667,2
10668,7
10669,1
10670,5
10671,2
10672,5
10673,4
10674,2
10675,3
10676,4
10677,2
10678,1
10679,7
10680,3
10681,5
10682,6
10683,1
10684,7
10685,7
10686,7
10687,7
10688,2
10689,3
10690,5
10691,4
10692,3
10693,1
10694,6
10695,1
10696,5
10697,6
10698,4
10699,7
10700,4
10701,2
10702,7
10703,2
10704,3
10705,2
10706,5
10707,3
10708,7
10709,4
10710,6
10711,1
10712,7
10713,3
10714,5
10715,4
10716,1
10717,5
10718,6
10719,2
10720,3
10721,4
10722,7
10723,7
10724,1
10725,4
10726,2
10727,3
10728,1
10729,1
10730,3
10731,7
10732,3
10733,2
10734,1
10735,4
10736,3
10737,4
10738,5
10739,2
10740,4
10741,5
10742,6
10743,5
10744,2
10745,6
10746,7
10747,5
10748,2
10749,6
10750,1
10751,5
10752,6
10753,3
10754,1
10755,7
10756,5
10757,3
10758,3
10759,4
10760,4
10761,2
10762,5
10763,3
10764,2
10765,1
10766,1
10767,5
10768,7
10769,6
10770,7
10771,6
10772,2
10773,1
10774,7
10775,5
10776,6
10777,6
10778,3
10779,4
10780,4
10781,6
10782,3
10783,6
10784,5
10785,5
10786,7
10787,6
10788,7
10789,4
10790,6
10791,4
10792,4
10793,3
10794,5
10795,6
10796,1
10797,2
10798,5
10799,6
10800,3
10801,4
10802,7
10803,6
10804,2
10805,7
10806,4
10807,1
10808,3
10809,7
10810,2
10811,1
10812,4
10813,5
10814,7
10815,7
10816,3
10817,2
10818,3
10819,5
10820,4
10821,3
10822,3
10823,2
10824,2
10825,3
10826,2
10827,3
10828,2
10829,1
10830,1
10831,4
10832,4
10833,2
10834,3
10835,2
10836,1
10837,5
10838,2
10839,2
10840,2
10841,1
10842,4
10843,2
10844,3
10845,4
10846,4
10847,6
10848,2
10849,3
10850,3
10851,3
10852,2
10853,2
10854,3
10855,1
10856,2
10857,3
10858,3
10859,2
10860,3
10861,7
10862,4
10863,4
10864,2
10865,3
10866,2
10867,2
10868,2
10869,2
10870,3
10871,3
10872,2
10873,7
10874,2
10875,3
10876,1
10877,4
10878,5
10879,7
10880,6
10881,1
10882,3
10883,3
10884,2
10885,1
10886,2
10887,3
10888,4
10889,5
10890,1
10891,4
10892,6
10893,5
10894,6
10895,7
10896,7
10897,3
10898,1
10899,1
10900,4
10901,2
10902,5
10903,6
10904,3
10905,7
10906,3
10907,4
10908,2
10909,4
10910,2
10911,5
10912,5
10913,7
10914,7
10915,4
10916,5
10917,5
10918,4
10919,1
10920,3
10921,7
10922,7
10923,1
10924,6
10925,2
10926,1
10927,5
10928,4
10929,3
10930,2
10931,3
10932,1
10933,4
10934,1
10935,3
10936,5
10937,4
10938,7
10939,7
10940,4
10941,3
10942,2
10943,7
10944,5
10945,5
10946,2
10947,2
10948,5
10949,3
10950,6
10951,4
10952,7
10953,6
10954,4
10955,4
10956,1
10957,3
10958,2
10959,4
10960,5
10961,3
10962,5
10963,6
10964,7
10965,1
10966,7
10967,6
10968,2
10969,1
10970,1
10971,7
10972,2
10973,5
10974,6
10975,4
10976,5
10977,7
10978,3
10979,4
10980,4
10981,5
10982,3
10983,6
10984,1
10985,3
10986,4
10987,1
10988,1
10989,2
10990,7
10991,6
10992,4
10993,3
10994,1
10995,1
10996,2
10997,6
10998,6
10999,7
11000,5
11001,4
11002,2
11003,4
11004,1
11005,4
11006,1
11007,6
11008,4
11009,5
11010,3
11011,5
11012,5
11013,3
11014,3
11015,1
11016,4
11017,2
11018,3
11019,5
11020,7
11021,6
11022,2
11023,4
11024,7
11025,3
11026,4
11027,5
11028,2
11029,6
11030,4
11031,3
11032,5
11033,5
11034,1
11035,1
11036,3
11037,7
11038,6
11039,3
11040,7
11041,1
11042,2
11043,1
11044,6
11045,1
11046,6
11047,2
11048,3
11049,3
11050,1
11051,4
11052,7
11053,2
11054,3
11055,4
11056,6
11057,4
11058,6
11059,3
11060,7
11061,5
11062,6
11063,1
11064,3
11065,2
11066,4
11067,4
11068,2
11069,3
11070,2
11071,3
11072,3
11073,3
11074,3
11075,4
11076,1
11077,5
11078,5
11079,5
11080,5
11081,6
11082,6
11083,7
11084,7
11085,5
11086,7
11087,6
11088,1
11089,7
11090,5
11091,3
11092,7
11093,6
11094,3
11095,2
11096,5
11097,3
11098,5
11099,7
11100,7
11101,6
11102,6
11103,4
11104,1
11105,6
11106,3
11107,5
11108,7
11109,7
11110,4
11111,6
11112,5
11113,4
11114,6
11115,5
11116,3
11117,2
11118,1
11119,3
11120,1
11121,2
11122,5
11123,6
11124,5
11125,6
11126,7
11127,5
11128,6
11129,5
11130,6
11131,6
11132,7
11133,5
11134,5
11135,5
11136,6
11137,6
11138,5
11139,5
11140,6
11141,5
11142,6
11143,7
11144,6
11145,5
11146,6
11147,7
11148,7
11149,3
11150,1
11151,7
11152,1
11153,2
11154,5
11155,4
11156,5
11157,2
11158,5
11159,6
11160,5
11161,5
11162,5
11163,7
11164,6
11165,7
11166,6
11167,2
11168,3
11169,4
11170,1
11171,4
11172,3
11173,2
11174,3
11175,1
11176,2
11177,2
11178,3
11179,3
11180,2
11181,2
11182,2
11183,6
11184,3
11185,3
11186,7
11187,2
11188,3
11189,1
11190,3
11191,5
11192,1
11193,2
11194,7
11195,1
11196,2
11197,3
11198,2
11199,5
11200,3
11201,3
11202,1
11203,1
11204,2
11205,7
11206,7
11207,3
11208,3
11209,7
11210,5
11211,3
11212,7
11213,5
11214,6
11215,5
11216,7
11217,7
11218,6
11219,6
11220,5
11221,1
11222,4
11223,2
11224,3
11225,2
11226,4
11227,1
11228,3
11229,7
11230,4
11231,1
11232,3
11233,2
11234,7
11235,6
11236,6
11237,5
11238,5
11239,7
11240,7
11241,7
11242,6
11243,7
11244,5
11245,7
11246,5
11247,6
11248,5
11249,6
11250,6
11251,5
11252,2
11253,3
11254,4
11255,1
11256,4
11257,3
11258,2
11259,1
11260,3
11261,4
11262,1
11263,2
11264,3
11265,2
11266,4
11267,2
11268,3
11269,2
11270,3
11271,5
11272,3
11273,3
11274,4
11275,2
11276,4
11277,3
11278,2
11279,1
11280,6
11281,6
11282,5
11283,1
11284,4
11285,2
11286,7
11287,1
11288,6
11289,6
11290,6
11291,7
11292,7
11293,5
11294,5
11295,1
11296,3
11297,4
11298,2
11299,3
11300,1
11301,4
11302,2
11303,6
11304,6
11305,6
11306,6
11307,6
11308,6
11309,6
11310,5
11311,7
11312,5
11313,5
11314,6
11315,5
11316,6
11317,6
11318,6
11319,6
11320,5
11321,6
11322,7
11323,7
11324,7
11325,2
11326,3
11327,1
11328,2
11329,2
11330,1
11331,4
11332,2
11333,3
11334,3
11335,1
11336,2
11337,3
11338,5
11339,5
11340,7
11341,6
11342,6
11343,7
11344,7
11345,5
11346,5
11347,6
11348,6
11349,7
11350,6
11351,3
11352,2
11353,2
11354,1
11355,4
11356,3
11357,2
11358,2
11359,3
11360,4
11361,1
11362,1
11363,3
11364,1
11365,3
11366,2
11367,1
11368,2
11369,1
11370,4
11371,3
11372,2
11373,6
11374,5
11375,5
11376,6
11377,3
11378,2
11379,4
11380,2
11381,1
11382,3
11383,1
11384,6
11385,5
11386,7
11387,4
11388,6
11389,5
11390,2
11391,3
11392,7
11393,4
11394,7
11395,3
11396,6
11397,7
11398,5
11399,3
11400,6
11401,4
11402,7
11403,1
11404,2
11405,3
11406,4
11407,2
11408,1
11409,4
11410,6
11411,7
11412,5
11413,1
11414,3
11415,4
11416,2
11417,2
11418,6
11419,5
11420,2
11421,1
11422,4
11423,2
11424,7
11425,2
11426,7
11427,2
11428,1
11429,5
11430,3
11431,7
11432,6
11433,1
11434,4
11435,4
11436,5
11437,7
11438,4
11439,5
11440,7
11441,2
11442,1
11443,1
11444,3
11445,5
11446,7
11447,2
11448,2
11449,4
11450,7
11451,5
11452,6
11453,1
11454,7
11455,6
11456,4
11457,2
11458,5
11459,2
11460,7
11461,2
11462,1
11463,3
11464,2
11465,4
11466,1
11467,4
11468,7
11469,7
11470,3
11471,6
11472,6
11473,5
11474,3
11475,4
11476,1
11477,5
11478,2
11479,7
11480,6
11481,4
11482,2
11483,4
11484,3
11485,4
11486,4
11487,1
11488,5
11489,2
11490,5
11491,5
11492,2
11493,1
11494,6
11495,5
11496,4
11497,3
11498,1
11499,7
11500,6
11501,3
11502,3
11503,4
11504,1
11505,1
11506,4
11507,5
11508,6
11509,3
11510,2
11511,1
11512,1
11513,5
11514,7
11515,5
11516,4
11517,3
11518,7
11519,7
11520,6
11521,6
11522,6
11523,6
11524,7
11525,7
11526,5
11527,5
11528,6
11529,5
11530,5
11531,5
11532,5
11533,7
11534,7
11535,6
11536,5
11537,6
11538,6
11539,5
11540,5
11541,7
11542,6
11543,1
11544,6
11545,4
11546,2
11547,7
11548,6
11549,6
11550,3
11551,2
11552,7
11553,4
11554,5
11555,2
11556,6
11557,3
11558,1
11559,3
11560,7
11561,1
11562,3
11563,5
11564,4
11565,2
11566,5
11567,6
11568,7
11569,4
11570,5
11571,6
11572,5
11573,6
11574,5
11575,6
11576,4
11577,4
11578,7
11579,6
11580,4
11581,5
11582,5
11583,5
11584,2
11585,7
11586,6
11587,4
11588,4
11589,5
11590,5
11591,4
11592,5
11593,5
11594,3
11595,4
11596,3
11597,7
11598,7
11599,7
11600,1
11601,3
11602,1
11603,3
11604,4
11605,3
11606,5
11607,6
11608,2
11609,6
11610,1
11611,5
11612,2
11613,1
11614,6
11615,7
11616,2
11617,3
11618,3
11619,3
11620,2
11621,3
11622,2
11623,2
11624,1
11625,5
11626,6
11627,2
11628,5
11629,1
11630,6
11631,4
11632,3
11633,2
11634,4
11635,1
11636,4
11637,7
11638,5
11639,6
11640,6
11641,7
11642,7
11643,2
11644,1
11645,4
11646,3
11647,6
11648,3
11649,1
11650,6
11651,5
11652,2
11653,5
11654,4
11655,5
11656,4
11657,5
11658,4
11659,5
11660,5
11661,5
11662,3
11663,2
11664,2
11665,3
11666,2
11667,3
11668,5
11669,2
11670,2
11671,2
11672,3
11673,3
11674,5
11675,2
11676,2
11677,5
11678,4
11679,3
11680,4
11681,1
11682,2
11683,3
11684,2
11685,3
11686,2
11687,2
11688,2
11689,3
11690,2
11691,3
11692,2
11693,3
11694,1
11695,3
11696,2
11697,3
11698,2
11699,2
11700,2
11701,1
11702,2
11703,6
11704,1
11705,1
11706,4
11707,4
11708,7
11709,7
11710,6
11711,5
11712,2
11713,3
11714,2
11715,1
11716,3
11717,2
11718,3
11719,1
11720,3
11721,1
11722,2
11723,2
11724,3
11725,1
11726,2
11727,1
11728,4
11729,4
11730,4
11731,4
11732,4
11733,3
11734,2
11735,1
11736,1
11737,2
11738,1
11739,7
11740,3
11741,3
11742,2
11743,1
11744,7
11745,7
11746,3
11747,1
11748,1
11749,1
11750,2
11751,7
11752,7
11753,2
11754,2
11755,3
11756,2
11757,3
11758,2
11759,2
11760,2
11761,4
11762,4
11763,3
11764,2
11765,7
11766,7
11767,2
11768,3
11769,1
11770,1
11771,2
11772,1
11773,7
11774,2
11775,7
11776,2
11777,3
11778,7
11779,1
11780,7
11781,3
11782,7
11783,1
11784,2
11785,5
11786,2
11787,2
11788,1
11789,2
11790,1
11791,6
11792,5
11793,3
11794,4
11795,5
11796,7
11797,5
11798,5
11799,4
11800,7
11801,6
11802,2
11803,5
11804,4
11805,5
11806,6
11807,7
11808,5
11809,7
11810,6
11811,5
11812,1
11813,4
11814,2
11815,1
11816,3
11817,7
11818,7
11819,7
11820,6
11821,6
11822,5
11823,5
11824,4
11825,5
11826,7
11827,7
11828,5
11829,6
11830,5
11831,4
11832,7
11833,7
11834,3
11835,1
11836,3
11837,7
11838,7
11839,6
11840,4
11841,6
11842,5
11843,4
11844,5
11845,6
11846,3
11847,2
11848,1
11849,2
11850,4
11851,5
11852,1
11853,2
11854,6
11855,4
11856,5
11857,7
11858,3
11859,1
11860,2
11861,2
11862,2
11863,2
11864,2
11865,2
11866,1
11867,2
11868,2
11869,1
11870,3
11871,1
11872,1
11873,5
11874,4
11875,3
11876,4
11877,3
11878,4
11879,1
11880,3
11881,1
11882,5
11883,5
11884,4
11885,7
11886,6
11887,2
11888,2
11889,1
11890,3
11891,3
11892,7
11893,2
11894,1
11895,4
11896,2
11897,6
11898,4
11899,7
11900,7
11901,5
11902,5
11903,6
11904,6
11905,6
11906,6
11907,4
11908,4
11909,7
11910,2
11911,3
11912,7
11913,7
11914,4
11915,2
11916,6
11917,4
11918,6
11919,3
11920,1
11921,3
11922,2
11923,4
11924,7
11925,6
11926,6
11927,1
11928,2
11929,3
11930,2
11931,1
11932,7
11933,7
11934,7
11935,7
11936,7
11937,5
11938,5
11939,6
11940,5
11941,5
11942,6
11943,5
11944,5
11945,2
11946,3
11947,2
11948,3
11949,2
11950,3
11951,5
11952,5
11953,3
11954,2
11955,3
11956,2
11957,2
11958,3
11959,3
11960,6
11961,5
11962,7
11963,2
11964,1
11965,6
11966,7
11967,1
11968,5
11969,2
11970,6
11971,4
11972,5
11973,7
11974,4
11975,6
11976,5
11977,7
11978,6
11979,5
11980,1
11981,2
11982,3
11983,2
11984,1
11985,7
11986,7
11987,3
11988,7
11989,5
11990,5
11991,1
11992,1
11993,4
11994,3
11995,1
11996,1
11997,2
11998,1
11999,3
12000,4
12001,2
12002,3
12003,1
12004,4
12005,7
12006,7
12007,6
12008,6
12009,5
12010,5
12011,6
12012,3
12013,7
12014,2
12015,1
12016,5
12017,2
12018,3
12019,2
12020,4
12021,2
12022,3
12023,1
12024,3
12025,4
12026,1
12027,5
12028,6
12029,7
12030,7
12031,6
12032,5
12033,7
12034,7
12035,4
12036,1
12037,7
12038,5
12039,6
12040,2
12041,3
12042,5
12043,7
12044,2
12045,7
12046,5
12047,1
12048,1
12049,3
12050,7
12051,5
12052,3
12053,7
12054,6
12055,5
12056,5
12057,7
12058,2
12059,6
12060,6
12061,4
12062,5
12063,7
12064,5
12065,6
12066,7
12067,5
12068,7
12069,3
12070,4
12071,6
12072,6
12073,7
12074,7
12075,4
12076,5
12077,5
12078,5
12079,3
12080,6
12081,6
12082,6
12083,7
12084,6
12085,6
12086,6
12087,6
12088,5
12089,6
12090,6
12091,6
12092,6
12093,6
12094,5
12095,6
12096,6
12097,7
12098,7
12099,3
12100,3
12101,7
12102,6
12103,4
12104,5
12105,5
12106,5
12107,5
12108,4
12109,4
12110,2
12111,6
12112,5
12113,7
12114,6
12115,2
12116,3
12117,4
12118,5
12119,6
12120,2
12121,5
12122,7
12123,4
12124,6
12125,2
12126,1
12127,3
12128,5
12129,7
12130,7
12131,2
12132,7
12133,3
12134,3
12135,3
12136,6
12137,2
12138,6
12139,3
12140,6
12141,5
12142,1
12143,6
12144,2
12145,7
12146,1
12147,5
12148,6
12149,3
12150,5
12151,7
12152,7
12153,7
12154,7
12155,6
12156,6
12157,6
12158,7
12159,7
12160,6
12161,6
12162,7
12163,5
12164,6
12165,5
12166,5
12167,5
12168,5
12169,5
12170,5
12171,7
12172,4
12173,1
12174,1
12175,1
12176,1
12177,2
12178,2
12179,1
12180,2
12181,2
12182,2
12183,2
12184,3
12185,2
12186,3
12187,1
12188,1
12189,3
12190,3
12191,3
12192,3
12193,1
12194,3
12195,3
12196,6
12197,6
12198,5
12199,6
12200,7
12201,5
12202,5
12203,6
12204,5
12205,6
12206,5
12207,5
12208,6
12209,7
12210,7
12211,7
12212,6
12213,7
12214,6
12215,5
12216,6
12217,7
12218,7
12219,5
12220,6
12221,2
12222,1
12223,2
12224,1
12225,2
12226,1
12227,4
12228,2
12229,4
12230,4
12231,4
12232,2
12233,3
12234,4
12235,1
12236,3
12237,2
12238,1
12239,4
12240,3
12241,2
12242,1
12243,3
12244,1
12245,3
12246,1
12247,2
12248,2
12249,2
12250,1
12251,3
12252,2
12253,4
12254,3
12255,2
12256,4
12257,2
12258,1
12259,3
12260,3
12261,2
12262,1
12263,4
12264,3
12265,1
12266,1
12267,3
12268,3
12269,3
12270,4
12271,2
12272,1
12273,1
12274,3
12275,2
12276,7
12277,3
12278,3
12279,1
12280,4
12281,1
12282,2
12283,3
12284,4
12285,1
12286,2
12287,3
12288,1
12289,4
12290,2
12291,4
12292,3
12293,3
12294,2
12295,1
12296,1
12297,5
12298,7
12299,6
12300,5
12301,6
12302,6
12303,5
12304,4
12305,7
12306,2
12307,3
12308,1
12309,5
12310,6
12311,7
12312,2
12313,1
12314,3
12315,4
12316,3
12317,3
12318,3
12319,2
12320,1
12321,2
12322,6
12323,3
12324,1
12325,4
12326,6
12327,1
12328,4
12329,4
12330,4
12331,7
12332,7
12333,7
12334,7
12335,6
12336,6
12337,5
12338,6
12339,5
12340,5
12341,7
12342,6
12343,5
12344,6
12345,7
12346,6
12347,5
12348,3
12349,1
12350,7
12351,7
12352,7
12353,2
12354,3
12355,3
12356,4
12357,4
12358,6
12359,5
12360,6
12361,5
12362,1
12363,1
12364,2
12365,6
12366,6
12367,7
12368,7
12369,5
12370,5
12371,1
12372,4
12373,3
12374,2
12375,1
12376,4
12377,2
12378,3
12379,7
12380,6
12381,6
12382,6
12383,7
12384,7
12385,6
12386,7
12387,5
12388,5
12389,5
12390,6
12391,7
12392,6
12393,5
12394,5
12395,5
12396,7
12397,1
12398,2
12399,3
12400,2
12401,1
12402,2
12403,1
12404,2
12405,2
12406,2
12407,1
12408,2
12409,3
12410,3
12411,2
12412,1
12413,1
12414,2
12415,5
12416,5
12417,5
12418,1
12419,1
12420,3
12421,5
12422,3
12423,1
12424,3
12425,1
12426,3
12427,7
12428,5
12429,6
12430,4
12431,6
12432,1
12433,3
12434,2
12435,7
12436,3
12437,4
12438,6
12439,7
12440,6
12441,7
12442,5
12443,7
12444,7
12445,7
12446,5
12447,1
12448,2
12449,6
12450,7
12451,5
12452,7
12453,2
12454,7
12455,6
12456,2
12457,6
12458,4
12459,4
12460,6
12461,7
12462,2
12463,4
12464,7
12465,2
12466,1
12467,1
12468,1
12469,3
12470,2
12471,2
12472,3
12473,1
12474,3
12475,6
12476,2
12477,6
12478,6
12479,4
12480,5
12481,7
12482,7
12483,5
12484,4
12485,7
12486,5
12487,4
12488,3
12489,6
12490,5
12491,1
12492,7
12493,1
12494,4
12495,5
12496,6
12497,5
12498,3
12499,4
12500,3
12501,1
12502,7
12503,7
12504,2
12505,6
12506,2
12507,2
12508,4
12509,2
12510,1
12511,3
12512,5
12513,6
12514,7
12515,4
12516,5
12517,5
12518,5
12519,5
12520,3
12521,2
12522,6
12523,1
12524,6
12525,1
12526,2
12527,7
12528,4
12529,3
12530,4
12531,2
12532,3
12533,1
12534,6
12535,5
12536,5
12537,4
12538,3
12539,2
12540,5
12541,5
12542,3
12543,6
12544,4
12545,4
12546,6
12547,4
12548,6
12549,6
12550,4
12551,5
12552,6
12553,5
12554,6
12555,4
12556,4
12557,3
12558,6
12559,5
12560,7
12561,5
12562,5
12563,6
12564,4
12565,6
12566,6
12567,4
12568,4
12569,5
12570,3
12571,4
12572,4
12573,4
12574,4
12575,4
12576,4
12577,3
12578,1
12579,4
12580,2
12581,5
12582,3
12583,4
12584,4
12585,2
12586,5
12587,2
12588,6
12589,5
12590,7
12591,6
12592,2
12593,2
12594,5
12595,5
12596,4
12597,6
12598,3
12599,7
12600,2
12601,4
12602,4
12603,5
12604,1
12605,5
12606,4
12607,6
12608,7
12609,2
12610,5
12611,5
12612,5
12613,3
12614,1
12615,1
12616,4
12617,4
12618,1
12619,7
12620,1
12621,6
12622,6
12623,3
12624,5
12625,3
12626,1
12627,6
12628,3
12629,3
12630,5
12631,6
12632,7
12633,5
12634,1
12635,3
12636,6
12637,5
12638,5
12639,6
12640,3
12641,5
12642,6
12643,3
12644,6
12645,4
12646,7
12647,5
12648,4
12649,4
12650,3
12651,2
12652,5
12653,3
12654,3
12655,6
12656,4
12657,4
12658,4
12659,3
12660,3
12661,2
12662,2
12663,3
12664,6
12665,2
12666,4
12667,6
12668,2
12669,1
12670,1
12671,2
12672,3
12673,5
12674,5
12675,4
12676,6
12677,5
12678,2
12679,7
12680,6
12681,2
12682,3
12683,5
12684,3
12685,2
12686,6
12687,5
12688,1
12689,7
12690,3
12691,4
12692,1
12693,7
12694,4
12695,2
12696,3
12697,3
12698,5
12699,6
12700,1
12701,2
12702,3
12703,5
12704,7
12705,3
12706,1
12707,4
12708,3
12709,3
12710,3
12711,3
12712,4
12713,5
12714,4
12715,7
12716,3
12717,2
12718,2
12719,4
12720,4
12721,3
12722,7
12723,7
12724,6
12725,1
12726,1
12727,7
12728,6
12729,1
12730,5
12731,3
12732,3
12733,5
12734,5
12735,2
12736,3
12737,2
12738,1
12739,5
12740,1
12741,4
12742,5
12743,3
12744,2
12745,3
12746,2
12747,4
12748,2
12749,3
12750,4
12751,2
12752,4
12753,3
12754,2
12755,3
12756,6
12757,2
12758,3
12759,5
12760,4
12761,7
12762,3
12763,5
12764,1
12765,2
12766,3
12767,5
12768,1
12769,3
12770,4
12771,5
12772,2
12773,6
12774,2
12775,5
12776,4
12777,1
12778,3
12779,7
12780,6
12781,1
12782,5
12783,1
12784,4
12785,2
12786,5
12787,7
12788,6
12789,3
12790,2
12791,1
12792,3
12793,5
12794,6
12795,5
12796,6
12797,7
12798,3
12799,5
12800,4
12801,2
12802,1
12803,3
12804,4
12805,2
12806,3
12807,6
12808,2
12809,1
12810,7
12811,7
12812,7
12813,6
12814,6
12815,5
12816,6
12817,5
12818,6
12819,5
12820,6
12821,6
12822,5
12823,2
12824,3
12825,4
12826,4
12827,6
12828,2
12829,3
12830,2
12831,4
12832,3
12833,2
12834,1
12835,4
12836,5
12837,5
12838,6
12839,5
12840,6
12841,6
12842,5
12843,7
12844,6
12845,6
12846,5
12847,4
12848,2
12849,3
12850,5
12851,3
12852,1
12853,2
12854,6
12855,6
12856,6
12857,6
12858,2
12859,7
12860,4
12861,1
12862,2
12863,5
12864,3
12865,1
12866,4
12867,6
12868,7
12869,1
12870,3
12871,2
12872,3
12873,7
12874,1
12875,7
12876,2
12877,4
12878,5
12879,5
12880,6
12881,4
12882,6
12883,4
12884,1
12885,2
12886,6
12887,3
12888,5
12889,5
12890,6
12891,7
12892,7
12893,7
12894,3
12895,2
12896,6
12897,5
12898,4
12899,3
12900,2
12901,7
12902,4
12903,6
12904,5
12905,5
12906,5
12907,5
12908,5
12909,4
12910,5
12911,5
12912,6
12913,6
12914,6
12915,3
12916,3
12917,2
12918,1
12919,4
12920,6
12921,4
12922,5
12923,3
12924,6
12925,2
12926,3
12927,2
12928,3
12929,1
12930,4
12931,2
12932,7
12933,7
12934,5
12935,2
12936,1
12937,6
12938,5
12939,6
12940,5
12941,6
12942,5
12943,6
12944,5
12945,6
12946,6
12947,2
12948,4
12949,2
12950,3
12951,4
12952,3
12953,2
12954,4
12955,2
12956,5
12957,3
12958,5
12959,5
12960,6
12961,4
12962,6
12963,5
12964,5
12965,5
12966,5
12967,3
12968,2
12969,1
12970,1
12971,2
12972,1
12973,1
12974,1
12975,2
12976,1
12977,3
12978,2
12979,3
12980,1
12981,2
12982,3
12983,2
12984,3
12985,6
12986,5
12987,5
12988,4
12989,6
12990,6
12991,5
12992,3
12993,4
12994,5
12995,5
12996,6
12997,5
12998,6
12999,5
13000,5
13001,5
13002,6
13003,7
13004,2
13005,2
13006,4
13007,4
13008,5
13009,3
13010,2
13011,2
13012,2
13013,6
13014,6
13015,5
13016,1
13017,6
13018,6
13019,7
13020,2
13021,3
13022,2
13023,3
13024,2
13025,3
13026,4
13027,1
13028,3
13029,2
13030,4
13031,4
13032,6
13033,5
13034,1
13035,7
13036,6
13037,5
13038,4
13039,5
13040,2
13041,3
13042,3
13043,4
13044,6
13045,2
13046,4
13047,6
13048,5
13049,2
13050,7
13051,7
13052,1
13053,1
13054,3
13055,4
13056,2
13057,1
13058,6
13059,3
13060,4
13061,2
13062,7
13063,5
13064,5
13065,6
13066,7
13067,1
13068,3
13069,3
13070,3
13071,4
13072,1
13073,6
13074,6
13075,4
13076,1
13077,4
13078,6
13079,3
13080,1
13081,1
13082,2
13083,5
13084,7
13085,6
13086,1
13087,3
13088,5
13089,6
13090,7
13091,3
13092,1
13093,5
13094,3
13095,1
13096,5
13097,1
13098,6
13099,4
13100,5
13101,2
13102,2
13103,3
13104,3
13105,3
13106,4
13107,4
13108,4
13109,4
13110,4
13111,6
13112,3
13113,2
13114,5
13115,2
13116,2
13117,2
13118,2
13119,3
13120,2
13121,1
13122,3
13123,5
13124,3
13125,2
13126,4
13127,2
13128,3
13129,3
13130,2
13131,3
13132,3
13133,5
13134,4
13135,4
13136,2
13137,4
13138,4
13139,1
13140,1
13141,2
13142,3
13143,2
13144,1
13145,5
13146,1
13147,3
13148,3
13149,6
13150,2
13151,6
13152,4
13153,4
13154,4
13155,2
13156,4
13157,5
13158,4
13159,5
13160,5
13161,5
13162,6
13163,4
13164,4
13165,2
13166,5
13167,3
13168,2
13169,2
13170,5
13171,7
13172,6
13173,6
13174,4
13175,2
13176,1
13177,1
13178,2
13179,4
13180,2
13181,4
13182,2
13183,4
13184,4
13185,4
13186,4
13187,1
13188,1
13189,2
13190,3
13191,2
13192,1
13193,3
13194,2
13195,3
13196,5
13197,1
13198,1
13199,3
13200,3
13201,6
13202,4
13203,5
13204,2
13205,3
13206,7
13207,6
13208,4
13209,5
13210,2
13211,4
13212,6
13213,5
13214,1
13215,2
13216,7
13217,4
13218,1
13219,5
13220,1
13221,3
13222,4
13223,5
13224,6
13225,3
13226,2
13227,5
13228,5
13229,5
13230,5
13231,1
13232,2
13233,3
13234,4
13235,2
13236,2
13237,4
13238,6
13239,5
13240,3
13241,6
13242,4
13243,6
13244,2
13245,7
13246,6
13247,2
13248,4
13249,7
13250,6
13251,2
13252,4
13253,6
13254,2
13255,7
13256,6
13257,4
13258,4
13259,7
13260,2
13261,2
13262,4
13263,5
13264,3
13265,1
13266,6
13267,7
13268,2
13269,3
13270,4
13271,2
13272,6
13273,3
13274,1
13275,5
13276,5
13277,7
13278,5
13279,6
13280,1
13281,1
13282,4
13283,5
13284,2
13285,6
13286,3
13287,1
13288,5
13289,2
13290,6
13291,7
13292,7
13293,2
13294,5
13295,6
13296,1
13297,5
13298,2
13299,6
13300,7
13301,4
13302,5
13303,1
13304,3
13305,2
13306,5
13307,3
13308,1
13309,6
13310,4
13311,4
13312,4
13313,3
13314,2
13315,6
13316,7
13317,3
13318,1
13319,6
13320,2
13321,4
13322,3
13323,6
13324,7
13325,6
13326,1
13327,4
13328,5
13329,6
13330,7
13331,3
13332,2
13333,4
13334,1
13335,5
13336,1
13337,2
13338,5
13339,4
13340,7
13341,7
13342,5
13343,4
13344,3
13345,5
13346,2
13347,7
13348,1
13349,7
13350,2
13351,5
13352,4
13353,6
13354,3
13355,5
13356,4
13357,2
13358,7
13359,6
13360,3
13361,1
13362,1
13363,3
13364,6
13365,7
13366,5
13367,2
13368,4
13369,3
13370,2
13371,3
13372,2
13373,2
13374,3
13375,3
13376,3
13377,7
13378,6
13379,3
13380,4
13381,4
13382,6
13383,1
13384,1
13385,4
13386,6
13387,6
13388,3
13389,2
13390,4
13391,3
13392,7
13393,5
13394,4
13395,3
13396,7
13397,6
13398,4
13399,5
13400,6
13401,5
13402,1
13403,7
13404,7
13405,5
13406,6
13407,7
13408,7
13409,3
13410,5
13411,5
13412,2
13413,6
13414,7
13415,1
13416,3
13417,4
13418,1
13419,5
13420,6
13421,7
13422,5
13423,2
13424,3
13425,1
13426,4
13427,6
13428,1
13429,2
13430,4
13431,3
13432,6
13433,7
13434,5
13435,3
13436,5
13437,7
13438,7
13439,5
13440,6
13441,5
13442,5
13443,7
13444,5
13445,6
13446,6
13447,7
13448,6
13449,6
13450,7
13451,7
13452,7
13453,6
13454,5
13455,5
13456,5
13457,5
13458,7
13459,5
13460,6
13461,6
13462,3
13463,1
13464,6
13465,6
13466,4
13467,2
13468,7
13469,5
13470,6
13471,5
13472,6
13473,5
13474,7
13475,7
13476,4
13477,2
13478,7
13479,7
13480,3
13481,3
13482,4
13483,4
13484,3
13485,3
13486,5
13487,6
13488,7
13489,4
13490,2
13491,1
13492,5
13493,6
13494,2
13495,3
13496,2
13497,4
13498,3
13499,3
13500,2
13501,4
13502,6
13503,6
13504,2
13505,3
13506,5
13507,1
13508,7
13509,4
13510,6
13511,6
13512,3
13513,1
13514,5
13515,3
13516,2
13517,3
13518,2
13519,2
13520,7
13521,3
13522,2
13523,4
13524,6
13525,1
13526,6
13527,3
13528,2
13529,7
13530,7
13531,4
13532,7
13533,7
13534,7
13535,6
13536,6
13537,7
13538,6
13539,6
13540,7
13541,6
13542,7
13543,5
13544,5
13545,3
13546,1
13547,7
13548,4
13549,2
13550,6
13551,7
13552,2
13553,5
13554,5
13555,6
13556,4
13557,6
13558,7
13559,5
13560,6
13561,7
13562,5
13563,6
13564,7
13565,7
13566,6
13567,7
13568,6
13569,7
13570,1
13571,5
13572,3
13573,7
13574,4
13575,5
13576,7
13577,6
13578,5
13579,7
13580,6
13581,5
13582,5
13583,5
13584,6
13585,5
13586,7
13587,6
13588,7
13589,3
13590,1
13591,2
13592,3
13593,4
13594,1
13595,6
13596,5
13597,6
13598,5
13599,5
13600,6
13601,7
13602,7
13603,7
13604,7
13605,6
13606,7
13607,6
13608,5
13609,5
13610,5
13611,5
13612,5
13613,6
13614,5
13615,7
13616,6
13617,6
13618,6
13619,7
13620,5
13621,6
13622,3
13623,7
13624,7
13625,1
13626,6
13627,3
13628,4
13629,3
13630,5
13631,2
13632,7
13633,6
13634,5
13635,6
13636,5
13637,7
13638,7
13639,6
13640,1
13641,2
13642,1
13643,2
13644,3
13645,4
13646,2
13647,1
13648,3
13649,7
13650,5
13651,7
13652,4
13653,3
13654,6
13655,5
13656,5
13657,2
13658,6
13659,1
13660,5
13661,5
13662,6
13663,6
13664,6
13665,6
13666,5
13667,6
13668,4
13669,2
13670,3
13671,2
13672,3
13673,3
13674,4
13675,3
13676,7
13677,3
13678,2
13679,4
13680,4
13681,2
13682,1
13683,4
13684,7
13685,3
13686,5
13687,6
13688,1
13689,7
13690,7
13691,2
13692,3
13693,4
13694,4
13695,3
13696,6
13697,7
13698,3
13699,1
13700,5
13701,6
13702,2
13703,4
13704,4
13705,1
13706,2
13707,1
13708,7
13709,5
13710,5
13711,4
13712,1
13713,1
13714,3
13715,4
13716,5
13717,4
13718,4
13719,5
13720,6
13721,6
13722,3
13723,3
13724,2
13725,5
13726,1
13727,3
13728,2
13729,2
13730,1
13731,7
13732,6
13733,7
13734,7
13735,2
13736,3
13737,4
13738,1
13739,7
13740,7
13741,3
13742,4
13743,1
13744,2
13745,3
13746,2
13747,4
13748,6
13749,6
13750,2
13751,5
13752,6
13753,3
13754,5
13755,5
13756,5
13757,3
13758,2
13759,3
13760,5
13761,1
13762,4
13763,3
13764,2
13765,1
13766,4
13767,6
13768,2
13769,2
13770,4
13771,6
13772,4
13773,5
13774,4
13775,7
13776,1
13777,6
13778,2
13779,5
13780,6
13781,1
13782,4
13783,6
13784,4
13785,7
13786,5
13787,1
